1,2022-07-26 17:55:00,,N,dskelly0@squidoo.com,,nredhills0,위축되는 코끼리,$2a$10$eC4J8YdNWFSBJM.moD5zreAKoBACO7fvpa6O68A.Ap3y450EctfDe,ROLE_MEMBER,010-9258-8926,0
2,2022-07-05 12:55:00,,N,nthayre1@deliciousdays.com,,odebeneditti1,이쁜 수달,$2a$10$eC4J8YdNWFSBJM.moD5zreAKoBACO7fvpa6O68A.Ap3y450EctfDe,ROLE_MEMBER,010-9945-8273,0
3,2022-06-14 01:43:00,,N,tmoggie2@mozilla.org,,mrollason2,그리운 토끼,$2a$10$eC4J8YdNWFSBJM.moD5zreAKoBACO7fvpa6O68A.Ap3y450EctfDe,ROLE_MEMBER,010-2117-8761,0
4,2022-03-29 06:33:00,,N,nivatt3@alibaba.com,,avanderson3,기분나쁜 앵무새,$2a$10$eC4J8YdNWFSBJM.moD5zreAKoBACO7fvpa6O68A.Ap3y450EctfDe,ROLE_MEMBER,010-4385-8001,0
5,2022-08-29 20:01:00,,N,dsimeonov4@google.co.uk,,fphelan4,두려운 치타,$2a$10$eC4J8YdNWFSBJM.moD5zreAKoBACO7fvpa6O68A.Ap3y450EctfDe,ROLE_MEMBER,010-4963-1746,0
6,2022-11-10 03:05:00,,N,ddivine5@rambler.ru,,wcarrodus5,위축되는 악어,$2a$10$eC4J8YdNWFSBJM.moD5zreAKoBACO7fvpa6O68A.Ap3y450EctfDe,ROLE_MEMBER,010-7686-0616,0
7,2022-02-19 11:08:00,,N,swhorf6@sitemeter.com,,bcattell6,잘생긴 여우,$2a$10$eC4J8YdNWFSBJM.moD5zreAKoBACO7fvpa6O68A.Ap3y450EctfDe,ROLE_MEMBER,010-4213-2306,0
8,2022-04-28 09:11:00,,N,hritchard7@goo.ne.jp,,jlabatie7,열받은 너구리,$2a$10$eC4J8YdNWFSBJM.moD5zreAKoBACO7fvpa6O68A.Ap3y450EctfDe,ROLE_MEMBER,010-0964-2745,0
9,2022-11-10 02:04:00,,N,sborg8@meetup.com,,nmoles8,긴장되는 늑대,$2a$10$eC4J8YdNWFSBJM.moD5zreAKoBACO7fvpa6O68A.Ap3y450EctfDe,ROLE_MEMBER,010-0377-1808,0
10,2022-06-30 11:19:00,,N,maleksankin9@taobao.com,dYXsTEB5JnBkTsRlEv2xf_:APA91bHpIa3YcG6NiryLXJKMKwW9m9zbb3vhv_4fq23LgRhbnoQQbjg2XnBnpbTwHXwQ7_Jm4uhUwN9r1f4-LsWnuBSsV23RgYYxZs8bowvfj3D_j-iTQRJ-SjR_--RHabBjhwBSsYVY,kjellicorse9,그리운 토끼,$2a$10$eC4J8YdNWFSBJM.moD5zreAKoBACO7fvpa6O68A.Ap3y450EctfDe,ROLE_MEMBER,010-2074-7737,0
11,2022-11-02 18:58:00,,N,bcromleholmea@google.co.uk,,crudefortha,신바람나는 토끼,$2a$10$eC4J8YdNWFSBJM.moD5zreAKoBACO7fvpa6O68A.Ap3y450EctfDe,ROLE_MEMBER,010-6185-7401,0
12,2022-10-26 15:58:00,,N,amattusevichb@wikispaces.com,,smaplethorpeb,서운한 강아지,$2a$10$eC4J8YdNWFSBJM.moD5zreAKoBACO7fvpa6O68A.Ap3y450EctfDe,ROLE_MEMBER,010-1884-9233,0
13,2022-06-05 14:58:00,,N,mhanniganc@walmart.com,,arojac,서운한 미어캣,$2a$10$eC4J8YdNWFSBJM.moD5zreAKoBACO7fvpa6O68A.Ap3y450EctfDe,ROLE_MEMBER,010-6772-9606,0
14,2022-08-01 09:47:00,,N,lostd@biglobe.ne.jp,,dandord,자유로운 다람쥐,$2a$10$eC4J8YdNWFSBJM.moD5zreAKoBACO7fvpa6O68A.Ap3y450EctfDe,ROLE_MEMBER,010-5229-1657,0
15,2022-10-29 07:02:00,,N,hjosilowskie@trellian.com,,abullare,시끄러운 얼룩말,$2a$10$eC4J8YdNWFSBJM.moD5zreAKoBACO7fvpa6O68A.Ap3y450EctfDe,ROLE_MEMBER,010-6716-1677,0
16,2022-07-11 13:50:00,,N,gtrasslerf@instagram.com,,gandreouf,당당한 고슴도치,$2a$10$eC4J8YdNWFSBJM.moD5zreAKoBACO7fvpa6O68A.Ap3y450EctfDe,ROLE_MEMBER,010-8337-8758,0
17,2022-06-09 08:32:00,,N,fgiacovettig@alibaba.com,,bceillierg,울적한 거북이,$2a$10$eC4J8YdNWFSBJM.moD5zreAKoBACO7fvpa6O68A.Ap3y450EctfDe,ROLE_MEMBER,010-3034-8209,0
18,2022-12-25 18:37:00,,N,ocarncrossh@mit.edu,cDlVfHTfpIq4z6Ah6BbocU:APA91bFa4eJFVEX2QtA1WuxKe3vCi9_uYjCJtthB55qssNKHFuLZWDZDzCryPnEdhfh7euU_qEiZlhH5VTQccdGvkXJQsiHIjEgMKLEemMprT-nwXuVbB9pzFKT_pMlvsSKwTDvZ_DDq,alutwycheh,시끄러운 참새,$2a$10$eC4J8YdNWFSBJM.moD5zreAKoBACO7fvpa6O68A.Ap3y450EctfDe,ROLE_MEMBER,010-4416-6861,0
19,2022-03-29 05:11:00,,N,nduchateli@fastcompany.com,,tslossi,이쁜 토끼,$2a$10$eC4J8YdNWFSBJM.moD5zreAKoBACO7fvpa6O68A.Ap3y450EctfDe,ROLE_MEMBER,010-7032-2930,0
20,2022-03-15 07:49:00,,N,thannabussj@cisco.com,,mrichardssonj,이쁜 고슴도치,$2a$10$eC4J8YdNWFSBJM.moD5zreAKoBACO7fvpa6O68A.Ap3y450EctfDe,ROLE_MEMBER,010-9196-8212,0
21,2022-10-09 23:21:00,,N,bmangamk@google.es,,lwhitterk,긴장되는 기린,$2a$10$eC4J8YdNWFSBJM.moD5zreAKoBACO7fvpa6O68A.Ap3y450EctfDe,ROLE_MEMBER,010-5842-4595,0
22,2022-12-30 06:15:00,,N,lcampel@zdnet.com,,dmarfieldl,배부른 고양이,$2a$10$eC4J8YdNWFSBJM.moD5zreAKoBACO7fvpa6O68A.Ap3y450EctfDe,ROLE_MEMBER,010-3921-7071,0
23,2023-01-15 08:53:00,,N,adunbobinm@multiply.com,,aofieldm,그리운 고양이,$2a$10$eC4J8YdNWFSBJM.moD5zreAKoBACO7fvpa6O68A.Ap3y450EctfDe,ROLE_MEMBER,010-4028-4662,0
24,2022-04-15 14:52:00,,N,tclawsleyn@networksolutions.com,,alangthornn,잘생긴 얼룩말,$2a$10$eC4J8YdNWFSBJM.moD5zreAKoBACO7fvpa6O68A.Ap3y450EctfDe,ROLE_MEMBER,010-0202-3140,0
25,2022-04-02 09:44:00,,N,estevingso@zdnet.com,,cfuttyo,비참한 얼룩말,$2a$10$eC4J8YdNWFSBJM.moD5zreAKoBACO7fvpa6O68A.Ap3y450EctfDe,ROLE_MEMBER,010-7819-7533,0
26,2022-05-26 23:34:00,,N,mdarnboroughp@slate.com,,emasarratp,심심한 염소,$2a$10$eC4J8YdNWFSBJM.moD5zreAKoBACO7fvpa6O68A.Ap3y450EctfDe,ROLE_MEMBER,010-3897-8418,0
27,2022-07-03 23:16:00,,N,twiskerq@biglobe.ne.jp,,nconringq,심심한 너구리,$2a$10$eC4J8YdNWFSBJM.moD5zreAKoBACO7fvpa6O68A.Ap3y450EctfDe,ROLE_MEMBER,010-6989-3045,0
28,2022-06-06 23:00:00,,N,cbalderyr@columbia.edu,,dkasbyer,열받은 강아지,$2a$10$eC4J8YdNWFSBJM.moD5zreAKoBACO7fvpa6O68A.Ap3y450EctfDe,ROLE_MEMBER,010-9823-4898,0
29,2022-07-13 18:58:00,,N,kvaughtens@ibm.com,,bquenes,신바람나는 물소,$2a$10$eC4J8YdNWFSBJM.moD5zreAKoBACO7fvpa6O68A.Ap3y450EctfDe,ROLE_MEMBER,010-3012-1556,0
30,2022-06-09 01:49:00,,N,eslowcockt@cdbaby.com,,bpicottt,긴장되는 침팬치,$2a$10$eC4J8YdNWFSBJM.moD5zreAKoBACO7fvpa6O68A.Ap3y450EctfDe,ROLE_MEMBER,010-5605-1993,0
31,2022-04-25 08:14:00,,N,cezzyu@twitter.com,,rasplingu,기분나쁜 너구리,$2a$10$eC4J8YdNWFSBJM.moD5zreAKoBACO7fvpa6O68A.Ap3y450EctfDe,ROLE_MEMBER,010-7573-3754,0
32,2022-11-01 07:06:00,,N,mbodkerv@rediff.com,,amarrowv,상쾌한 돼지,$2a$10$eC4J8YdNWFSBJM.moD5zreAKoBACO7fvpa6O68A.Ap3y450EctfDe,ROLE_MEMBER,010-3651-4023,0
33,2022-09-22 16:22:00,,N,rcasarow@chron.com,,sosgodbyw,이쁜 다람쥐,$2a$10$eC4J8YdNWFSBJM.moD5zreAKoBACO7fvpa6O68A.Ap3y450EctfDe,ROLE_MEMBER,010-3833-8508,0
34,2022-08-06 23:26:00,,N,jgroomebridgex@soup.io,,egorstx,멋있는 염소,$2a$10$eC4J8YdNWFSBJM.moD5zreAKoBACO7fvpa6O68A.Ap3y450EctfDe,ROLE_MEMBER,010-8745-3453,0
35,2022-06-01 22:32:00,,N,gtunesiy@un.org,,acrowesty,상쾌한 코끼리,$2a$10$eC4J8YdNWFSBJM.moD5zreAKoBACO7fvpa6O68A.Ap3y450EctfDe,ROLE_MEMBER,010-7067-2089,0
36,2022-05-22 12:44:00,,N,mpapaccioz@senate.gov,,wselmanz,그리운 고릴라,$2a$10$eC4J8YdNWFSBJM.moD5zreAKoBACO7fvpa6O68A.Ap3y450EctfDe,ROLE_MEMBER,010-8730-6205,0
37,2022-08-07 22:16:00,,N,lshearmur10@go.com,,kweathey10,기분나쁜 코끼리,$2a$10$eC4J8YdNWFSBJM.moD5zreAKoBACO7fvpa6O68A.Ap3y450EctfDe,ROLE_MEMBER,010-4243-6335,0
38,2022-06-09 02:36:00,,N,bolynn11@xing.com,,bkirkup11,서운한 곰,$2a$10$eC4J8YdNWFSBJM.moD5zreAKoBACO7fvpa6O68A.Ap3y450EctfDe,ROLE_MEMBER,010-7003-4235,0
39,2022-05-28 05:14:00,,N,kofogarty12@yahoo.co.jp,,khaddrell12,잘생긴 수달,$2a$10$eC4J8YdNWFSBJM.moD5zreAKoBACO7fvpa6O68A.Ap3y450EctfDe,ROLE_MEMBER,010-1162-9416,0
40,2022-05-29 02:28:00,,N,pspenceley13@ucsd.edu,,cboichat13,심심한 하마,$2a$10$eC4J8YdNWFSBJM.moD5zreAKoBACO7fvpa6O68A.Ap3y450EctfDe,ROLE_MEMBER,010-5153-2674,0
41,2022-06-13 10:59:00,,N,gproske14@abc.net.au,,mhuntley14,배부른 토끼,$2a$10$eC4J8YdNWFSBJM.moD5zreAKoBACO7fvpa6O68A.Ap3y450EctfDe,ROLE_MEMBER,010-4410-3385,0
42,2022-05-12 08:11:00,,N,lbartunek15@nydailynews.com,,ocolebourn15,기분나쁜 늑대,$2a$10$eC4J8YdNWFSBJM.moD5zreAKoBACO7fvpa6O68A.Ap3y450EctfDe,ROLE_MEMBER,010-2239-6577,0
43,2023-01-17 17:56:00,,N,upanketh16@ox.ac.uk,,mshallcroff16,상쾌한 염소,$2a$10$eC4J8YdNWFSBJM.moD5zreAKoBACO7fvpa6O68A.Ap3y450EctfDe,ROLE_MEMBER,010-3274-8403,0
44,2022-02-27 19:59:00,,N,rbloom17@icio.us,,msteart17,창피한 치타,$2a$10$eC4J8YdNWFSBJM.moD5zreAKoBACO7fvpa6O68A.Ap3y450EctfDe,ROLE_MEMBER,010-1224-8207,0
45,2022-07-30 20:57:00,,N,ddalyiel18@google.nl,,sfelton18,창피한 늑대,$2a$10$eC4J8YdNWFSBJM.moD5zreAKoBACO7fvpa6O68A.Ap3y450EctfDe,ROLE_MEMBER,010-8062-6273,0
46,2022-10-18 04:15:00,,N,rhalt19@youtube.com,,vlaslett19,시끄러운 하이에나,$2a$10$eC4J8YdNWFSBJM.moD5zreAKoBACO7fvpa6O68A.Ap3y450EctfDe,ROLE_MEMBER,010-4680-8922,0
47,2022-04-18 22:03:00,,N,mmoreno1a@businessinsider.com,,jattenborrow1a,울적한 하이에나,$2a$10$eC4J8YdNWFSBJM.moD5zreAKoBACO7fvpa6O68A.Ap3y450EctfDe,ROLE_MEMBER,010-7624-6101,0
48,2022-08-05 13:57:00,,N,ahawkyens1b@fotki.com,,dclayfield1b,짜릿한 치타,$2a$10$eC4J8YdNWFSBJM.moD5zreAKoBACO7fvpa6O68A.Ap3y450EctfDe,ROLE_MEMBER,010-5414-1939,0
49,2022-11-09 12:48:00,,N,jcubley1c@studiopress.com,,wallmen1c,긴장되는 늑대,$2a$10$eC4J8YdNWFSBJM.moD5zreAKoBACO7fvpa6O68A.Ap3y450EctfDe,ROLE_MEMBER,010-6048-9279,0
50,2022-11-25 06:47:00,,N,mgeer1d@usa.gov,,ggotliffe1d,짜릿한 강아지,$2a$10$eC4J8YdNWFSBJM.moD5zreAKoBACO7fvpa6O68A.Ap3y450EctfDe,ROLE_MEMBER,010-9585-0037,0
51,2022-10-02 04:01:00,,N,nboor1e@bravesites.com,,wsemon1e,두려운 앵무새,$2a$10$eC4J8YdNWFSBJM.moD5zreAKoBACO7fvpa6O68A.Ap3y450EctfDe,ROLE_MEMBER,010-3474-1754,0
52,2022-06-29 13:58:00,,N,qpratchett1f@macromedia.com,,sdesimoni1f,상쾌한 고슴도치,$2a$10$eC4J8YdNWFSBJM.moD5zreAKoBACO7fvpa6O68A.Ap3y450EctfDe,ROLE_MEMBER,010-2783-0671,0
53,2022-06-26 11:34:00,,N,sscamp1g@chron.com,,gsumsion1g,시끄러운 돼지,$2a$10$eC4J8YdNWFSBJM.moD5zreAKoBACO7fvpa6O68A.Ap3y450EctfDe,ROLE_MEMBER,010-4255-1991,0
54,2022-07-04 04:07:00,,N,vklement1h@addtoany.com,,ostrutz1h,당당한 얼룩말,$2a$10$eC4J8YdNWFSBJM.moD5zreAKoBACO7fvpa6O68A.Ap3y450EctfDe,ROLE_MEMBER,010-6874-2909,0
55,2022-05-29 08:39:00,,N,nlathleiff1i@wikipedia.org,,hcorragan1i,수줍은 호랑이,$2a$10$eC4J8YdNWFSBJM.moD5zreAKoBACO7fvpa6O68A.Ap3y450EctfDe,ROLE_MEMBER,010-4378-4820,0
56,2022-06-11 00:41:00,,N,ojeeks1j@eepurl.com,,sandrey1j,잘생긴 강아지,$2a$10$eC4J8YdNWFSBJM.moD5zreAKoBACO7fvpa6O68A.Ap3y450EctfDe,ROLE_MEMBER,010-1850-7643,0
57,2023-01-15 15:43:00,,N,sgrunbaum1k@slate.com,,glasty1k,비참한 침팬치,$2a$10$eC4J8YdNWFSBJM.moD5zreAKoBACO7fvpa6O68A.Ap3y450EctfDe,ROLE_MEMBER,010-4109-4694,0
58,2022-04-23 17:18:00,,N,shollow1l@omniture.com,,lgibbard1l,심심한 미어캣,$2a$10$eC4J8YdNWFSBJM.moD5zreAKoBACO7fvpa6O68A.Ap3y450EctfDe,ROLE_MEMBER,010-1005-8578,0
59,2022-08-01 13:29:00,,N,tgreenhalgh1m@samsung.com,,fpeggram1m,수줍은 앵무새,$2a$10$eC4J8YdNWFSBJM.moD5zreAKoBACO7fvpa6O68A.Ap3y450EctfDe,ROLE_MEMBER,010-3754-7531,0
60,2022-03-21 00:54:00,,N,wflecknoe1n@blog.com,,rhaselden1n,열받은 여우,$2a$10$eC4J8YdNWFSBJM.moD5zreAKoBACO7fvpa6O68A.Ap3y450EctfDe,ROLE_MEMBER,010-7452-5104,0
61,2022-08-24 13:01:00,,N,rdossantos1o@infoseek.co.jp,,acoldtart1o,멋있는 얼룩말,$2a$10$eC4J8YdNWFSBJM.moD5zreAKoBACO7fvpa6O68A.Ap3y450EctfDe,ROLE_MEMBER,010-9005-5491,0
62,2022-09-05 17:23:00,,N,cshields1p@irs.gov,,kbiss1p,잘생긴 고릴라,$2a$10$eC4J8YdNWFSBJM.moD5zreAKoBACO7fvpa6O68A.Ap3y450EctfDe,ROLE_MEMBER,010-3525-0415,0
63,2022-10-09 01:23:00,,N,llegion1q@joomla.org,,sliddy1q,잘생긴 늑대,$2a$10$eC4J8YdNWFSBJM.moD5zreAKoBACO7fvpa6O68A.Ap3y450EctfDe,ROLE_MEMBER,010-1273-0837,0
64,2022-06-28 13:34:00,,N,avasilevich1r@bloglines.com,,glisimore1r,자유로운 미어캣,$2a$10$eC4J8YdNWFSBJM.moD5zreAKoBACO7fvpa6O68A.Ap3y450EctfDe,ROLE_MEMBER,010-9855-9086,0
65,2022-09-07 01:19:00,,N,kdanby1s@cargocollective.com,,khawkey1s,상쾌한 침팬치,$2a$10$eC4J8YdNWFSBJM.moD5zreAKoBACO7fvpa6O68A.Ap3y450EctfDe,ROLE_MEMBER,010-1282-3073,0
66,2022-09-03 07:53:00,,N,hhuckell1t@elegantthemes.com,,msnuggs1t,위축되는 참새,$2a$10$eC4J8YdNWFSBJM.moD5zreAKoBACO7fvpa6O68A.Ap3y450EctfDe,ROLE_MEMBER,010-3947-1356,0
67,2022-12-05 10:30:00,,N,alemarquis1u@scribd.com,,psweetmore1u,멋있는 참새,$2a$10$eC4J8YdNWFSBJM.moD5zreAKoBACO7fvpa6O68A.Ap3y450EctfDe,ROLE_MEMBER,010-7749-0975,0
68,2022-03-08 21:25:00,,N,cjee1v@ameblo.jp,,kannear1v,자유로운 곰,$2a$10$eC4J8YdNWFSBJM.moD5zreAKoBACO7fvpa6O68A.Ap3y450EctfDe,ROLE_MEMBER,010-1570-7923,0
69,2022-11-25 05:16:00,,N,gbealing1w@istockphoto.com,,cliversage1w,비참한 판다,$2a$10$eC4J8YdNWFSBJM.moD5zreAKoBACO7fvpa6O68A.Ap3y450EctfDe,ROLE_MEMBER,010-3355-7490,0
70,2022-04-17 04:59:00,,N,cgohn1x@privacy.gov.au,,zratchford1x,짜릿한 판다,$2a$10$eC4J8YdNWFSBJM.moD5zreAKoBACO7fvpa6O68A.Ap3y450EctfDe,ROLE_MEMBER,010-6702-1576,0
71,2022-05-10 11:55:00,,N,dfarrent1y@digg.com,,astuffins1y,멋있는 하이에나,$2a$10$eC4J8YdNWFSBJM.moD5zreAKoBACO7fvpa6O68A.Ap3y450EctfDe,ROLE_MEMBER,010-7693-9166,0
72,2022-12-28 01:41:00,,N,tbernard1z@cisco.com,,klabb1z,긴장되는 곰,$2a$10$eC4J8YdNWFSBJM.moD5zreAKoBACO7fvpa6O68A.Ap3y450EctfDe,ROLE_MEMBER,010-1502-1423,0
73,2022-06-08 08:21:00,,N,jdambrosio20@wikispaces.com,,zpurcell20,그리운 악어,$2a$10$eC4J8YdNWFSBJM.moD5zreAKoBACO7fvpa6O68A.Ap3y450EctfDe,ROLE_MEMBER,010-3573-9022,0
74,2022-08-03 23:34:00,,N,kmacnulty21@wp.com,,ssabatier21,두려운 수달,$2a$10$eC4J8YdNWFSBJM.moD5zreAKoBACO7fvpa6O68A.Ap3y450EctfDe,ROLE_MEMBER,010-6294-8614,0
75,2022-05-04 13:42:00,,N,plobell22@unc.edu,,bsyratt22,잘생긴 얼룩말,$2a$10$eC4J8YdNWFSBJM.moD5zreAKoBACO7fvpa6O68A.Ap3y450EctfDe,ROLE_MEMBER,010-2654-1282,0
76,2023-02-11 05:25:00,,N,cgianullo23@time.com,,fstlouis23,짜릿한 판다,$2a$10$eC4J8YdNWFSBJM.moD5zreAKoBACO7fvpa6O68A.Ap3y450EctfDe,ROLE_MEMBER,010-1316-0090,0
77,2022-02-21 02:44:00,,N,gdornin24@mayoclinic.com,,bfarmer24,열받은 얼룩말,$2a$10$eC4J8YdNWFSBJM.moD5zreAKoBACO7fvpa6O68A.Ap3y450EctfDe,ROLE_MEMBER,010-2655-9333,0
78,2022-10-10 02:21:00,,N,tveeler25@yellowbook.com,,ssemmence25,창피한 다람쥐,$2a$10$eC4J8YdNWFSBJM.moD5zreAKoBACO7fvpa6O68A.Ap3y450EctfDe,ROLE_MEMBER,010-3227-5161,0
79,2022-07-05 12:42:00,,N,jrappaport26@plala.or.jp,,gboughtflower26,짜릿한 늑대,$2a$10$eC4J8YdNWFSBJM.moD5zreAKoBACO7fvpa6O68A.Ap3y450EctfDe,ROLE_MEMBER,010-1543-9770,0
80,2022-08-05 20:39:00,,N,acowper27@blog.com,,wdoers27,열받은 돼지,$2a$10$eC4J8YdNWFSBJM.moD5zreAKoBACO7fvpa6O68A.Ap3y450EctfDe,ROLE_MEMBER,010-4356-0301,0
81,2022-09-08 23:25:00,,N,dsarson28@hud.gov,,mfaughnan28,울적한 수달,$2a$10$eC4J8YdNWFSBJM.moD5zreAKoBACO7fvpa6O68A.Ap3y450EctfDe,ROLE_MEMBER,010-4082-7669,0
82,2022-05-03 18:53:00,,N,kquickfall29@com.com,,blightwing29,두려운 사자,$2a$10$eC4J8YdNWFSBJM.moD5zreAKoBACO7fvpa6O68A.Ap3y450EctfDe,ROLE_MEMBER,010-5199-3733,0
83,2022-09-24 12:05:00,,N,dbaff2a@dedecms.com,,hbefroy2a,두려운 악어,$2a$10$eC4J8YdNWFSBJM.moD5zreAKoBACO7fvpa6O68A.Ap3y450EctfDe,ROLE_MEMBER,010-7486-4190,0
84,2022-05-04 01:37:00,,N,vsture2b@illinois.edu,,mcurrey2b,창피한 곰,$2a$10$eC4J8YdNWFSBJM.moD5zreAKoBACO7fvpa6O68A.Ap3y450EctfDe,ROLE_MEMBER,010-9065-3213,0
85,2022-11-08 21:50:00,,N,rfarge2c@dailymail.co.uk,,vmacneillie2c,기분좋은 물소,$2a$10$eC4J8YdNWFSBJM.moD5zreAKoBACO7fvpa6O68A.Ap3y450EctfDe,ROLE_MEMBER,010-7360-2891,0
86,2022-03-25 20:57:00,,N,mstilgoe2d@mashable.com,,nluty2d,멋있는 곰,$2a$10$eC4J8YdNWFSBJM.moD5zreAKoBACO7fvpa6O68A.Ap3y450EctfDe,ROLE_MEMBER,010-7493-5080,0
87,2022-08-09 08:08:00,,N,trustadge2e@tinypic.com,,lprattin2e,시끄러운 치타,$2a$10$eC4J8YdNWFSBJM.moD5zreAKoBACO7fvpa6O68A.Ap3y450EctfDe,ROLE_MEMBER,010-3899-2954,0
88,2022-12-02 10:14:00,,N,kreames2f@guardian.co.uk,,cgaydon2f,수줍은 고슴도치,$2a$10$eC4J8YdNWFSBJM.moD5zreAKoBACO7fvpa6O68A.Ap3y450EctfDe,ROLE_MEMBER,010-8130-3828,0
89,2022-02-24 15:47:00,,N,edjurisic2g@opera.com,,lkaasmann2g,위축되는 침팬치,$2a$10$eC4J8YdNWFSBJM.moD5zreAKoBACO7fvpa6O68A.Ap3y450EctfDe,ROLE_MEMBER,010-7241-8445,0
90,2022-05-02 12:29:00,,N,cmessenbird2h@fema.gov,,jcopnell2h,기분좋은 하마,$2a$10$eC4J8YdNWFSBJM.moD5zreAKoBACO7fvpa6O68A.Ap3y450EctfDe,ROLE_MEMBER,010-0079-6660,0
91,2022-10-17 04:34:00,,N,kmilmoe2i@smh.com.au,,cformilli2i,이쁜 곰,$2a$10$eC4J8YdNWFSBJM.moD5zreAKoBACO7fvpa6O68A.Ap3y450EctfDe,ROLE_MEMBER,010-2596-9162,0
92,2022-08-27 15:05:00,,N,ljanuaryst2j@state.tx.us,,nsturt2j,심심한 하이에나,$2a$10$eC4J8YdNWFSBJM.moD5zreAKoBACO7fvpa6O68A.Ap3y450EctfDe,ROLE_MEMBER,010-0916-4955,0
93,2023-01-12 13:55:00,,N,sovershott2k@tuttocitta.it,,ssomers2k,창피한 원숭이,$2a$10$eC4J8YdNWFSBJM.moD5zreAKoBACO7fvpa6O68A.Ap3y450EctfDe,ROLE_MEMBER,010-0831-7749,0
94,2023-02-12 20:01:00,,N,rheibel2l@tmall.com,,brikard2l,상쾌한 호랑이,$2a$10$eC4J8YdNWFSBJM.moD5zreAKoBACO7fvpa6O68A.Ap3y450EctfDe,ROLE_MEMBER,010-9811-7252,0
95,2022-03-17 20:13:00,,N,ccumpsty2m@ucsd.edu,,hoffa2m,이쁜 너구리,$2a$10$eC4J8YdNWFSBJM.moD5zreAKoBACO7fvpa6O68A.Ap3y450EctfDe,ROLE_MEMBER,010-0003-6531,0
96,2023-01-05 09:50:00,,N,cbooi2n@purevolume.com,,wrizzone2n,짜릿한 돼지,$2a$10$eC4J8YdNWFSBJM.moD5zreAKoBACO7fvpa6O68A.Ap3y450EctfDe,ROLE_MEMBER,010-9836-6215,0
97,2022-09-14 17:52:00,,N,dbruni2o@spotify.com,,jrivard2o,심심한 수달,$2a$10$eC4J8YdNWFSBJM.moD5zreAKoBACO7fvpa6O68A.Ap3y450EctfDe,ROLE_MEMBER,010-4287-4761,0
98,2023-01-11 18:09:00,,N,tbonhomme2p@fda.gov,,rfildes2p,기분좋은 악어,$2a$10$eC4J8YdNWFSBJM.moD5zreAKoBACO7fvpa6O68A.Ap3y450EctfDe,ROLE_MEMBER,010-2734-7114,0
99,2022-03-01 16:04:00,,N,dgoodsir2q@ucoz.com,,ngebhardt2q,잘생긴 원숭이,$2a$10$eC4J8YdNWFSBJM.moD5zreAKoBACO7fvpa6O68A.Ap3y450EctfDe,ROLE_MEMBER,010-4802-0439,0
100,2022-12-28 10:43:00,,N,rvasishchev2r@desdev.cn,,mstear2r,짜릿한 고양이,$2a$10$eC4J8YdNWFSBJM.moD5zreAKoBACO7fvpa6O68A.Ap3y450EctfDe,ROLE_MEMBER,010-5349-8081,0
101,2022-03-03 04:55:00,,N,ppourvoieur2s@sphinn.com,,ahugonneau2s,심심한 토끼,$2a$10$eC4J8YdNWFSBJM.moD5zreAKoBACO7fvpa6O68A.Ap3y450EctfDe,ROLE_MEMBER,010-7467-4495,0
102,2023-01-10 11:30:00,,N,fdike2t@cocolog-nifty.com,,arobottham2t,짜릿한 고슴도치,$2a$10$eC4J8YdNWFSBJM.moD5zreAKoBACO7fvpa6O68A.Ap3y450EctfDe,ROLE_MEMBER,010-1625-7017,0
103,2023-02-14 04:32:00,,N,rrefford2u@geocities.jp,,hlye2u,상쾌한 여우,$2a$10$eC4J8YdNWFSBJM.moD5zreAKoBACO7fvpa6O68A.Ap3y450EctfDe,ROLE_MEMBER,010-0619-0122,0
104,2022-12-18 06:19:00,,N,cboord2v@si.edu,,thasard2v,비참한 토끼,$2a$10$eC4J8YdNWFSBJM.moD5zreAKoBACO7fvpa6O68A.Ap3y450EctfDe,ROLE_MEMBER,010-5656-7474,0
105,2022-04-28 02:04:00,,N,acundey2w@myspace.com,,rcornall2w,그리운 너구리,$2a$10$eC4J8YdNWFSBJM.moD5zreAKoBACO7fvpa6O68A.Ap3y450EctfDe,ROLE_MEMBER,010-6318-1095,0
106,2022-11-20 07:37:00,,N,eclubbe2x@spotify.com,,cswiffin2x,기분좋은 물소,$2a$10$eC4J8YdNWFSBJM.moD5zreAKoBACO7fvpa6O68A.Ap3y450EctfDe,ROLE_MEMBER,010-4201-4510,0
107,2022-09-15 14:06:00,,N,chabden2y@usa.gov,,aviste2y,울적한 코끼리,$2a$10$eC4J8YdNWFSBJM.moD5zreAKoBACO7fvpa6O68A.Ap3y450EctfDe,ROLE_MEMBER,010-8150-0407,0
108,2022-11-01 13:58:00,,N,bliddyard2z@hp.com,,gartrick2z,이쁜 고양이,$2a$10$eC4J8YdNWFSBJM.moD5zreAKoBACO7fvpa6O68A.Ap3y450EctfDe,ROLE_MEMBER,010-0231-7451,0
109,2023-01-25 15:45:00,,N,aalexandre30@oracle.com,,cdawtrey30,기분나쁜 염소,$2a$10$eC4J8YdNWFSBJM.moD5zreAKoBACO7fvpa6O68A.Ap3y450EctfDe,ROLE_MEMBER,010-0116-1816,0
110,2022-03-25 23:46:00,,N,dbiggins31@ovh.net,,ltathacott31,멋있는 너구리,$2a$10$eC4J8YdNWFSBJM.moD5zreAKoBACO7fvpa6O68A.Ap3y450EctfDe,ROLE_MEMBER,010-1012-9474,0
111,2022-03-16 00:02:00,,N,amixon32@kickstarter.com,,ekeavy32,짜릿한 호랑이,$2a$10$eC4J8YdNWFSBJM.moD5zreAKoBACO7fvpa6O68A.Ap3y450EctfDe,ROLE_MEMBER,010-5351-5593,0
112,2022-07-04 16:40:00,,N,alaurentin33@ebay.com,,bpadgham33,심심한 기린,$2a$10$eC4J8YdNWFSBJM.moD5zreAKoBACO7fvpa6O68A.Ap3y450EctfDe,ROLE_MEMBER,010-8360-8552,0
113,2022-10-01 01:02:00,,N,carden34@example.com,,nrubenfeld34,기분좋은 염소,$2a$10$eC4J8YdNWFSBJM.moD5zreAKoBACO7fvpa6O68A.Ap3y450EctfDe,ROLE_MEMBER,010-9762-8038,0
114,2023-02-10 08:57:00,,N,jmasham35@skyrock.com,,dells35,멋있는 얼룩말,$2a$10$eC4J8YdNWFSBJM.moD5zreAKoBACO7fvpa6O68A.Ap3y450EctfDe,ROLE_MEMBER,010-9464-5357,0
115,2022-04-03 02:53:00,,N,eheatly36@amazonaws.com,,kshowler36,기분나쁜 악어,$2a$10$eC4J8YdNWFSBJM.moD5zreAKoBACO7fvpa6O68A.Ap3y450EctfDe,ROLE_MEMBER,010-0319-6973,0
116,2022-05-28 12:06:00,,N,gmacwhirter37@theglobeandmail.com,,svalti37,상쾌한 미어캣,$2a$10$eC4J8YdNWFSBJM.moD5zreAKoBACO7fvpa6O68A.Ap3y450EctfDe,ROLE_MEMBER,010-8756-2485,0
117,2022-04-02 00:24:00,,N,cpoundsford38@zdnet.com,,cseifert38,긴장되는 여우,$2a$10$eC4J8YdNWFSBJM.moD5zreAKoBACO7fvpa6O68A.Ap3y450EctfDe,ROLE_MEMBER,010-3655-1544,0
118,2022-04-11 19:10:00,,N,lgummoe39@abc.net.au,,mgillhespy39,비참한 사자,$2a$10$eC4J8YdNWFSBJM.moD5zreAKoBACO7fvpa6O68A.Ap3y450EctfDe,ROLE_MEMBER,010-3110-0124,0
119,2022-03-03 01:24:00,,N,fredemile3a@xinhuanet.com,,jismead3a,짜릿한 여우,$2a$10$eC4J8YdNWFSBJM.moD5zreAKoBACO7fvpa6O68A.Ap3y450EctfDe,ROLE_MEMBER,010-4067-8029,0
120,2022-11-29 19:47:00,,N,dberget3b@gnu.org,,maris3b,두려운 거북이,$2a$10$eC4J8YdNWFSBJM.moD5zreAKoBACO7fvpa6O68A.Ap3y450EctfDe,ROLE_MEMBER,010-2857-2699,0
121,2022-09-22 04:15:00,,N,phuitson3c@intel.com,,denderby3c,위축되는 곰,$2a$10$eC4J8YdNWFSBJM.moD5zreAKoBACO7fvpa6O68A.Ap3y450EctfDe,ROLE_MEMBER,010-6975-3476,0
122,2022-11-16 09:30:00,,N,jackland3d@cnet.com,,rlifton3d,기분나쁜 다람쥐,$2a$10$eC4J8YdNWFSBJM.moD5zreAKoBACO7fvpa6O68A.Ap3y450EctfDe,ROLE_MEMBER,010-5328-9187,0
123,2022-09-17 07:35:00,,N,cbrome3e@lycos.com,,gharrowing3e,신바람나는 토끼,$2a$10$eC4J8YdNWFSBJM.moD5zreAKoBACO7fvpa6O68A.Ap3y450EctfDe,ROLE_MEMBER,010-2735-1857,0
124,2022-09-03 14:14:00,,N,mzahor3f@examiner.com,,kmchenry3f,시끄러운 원숭이,$2a$10$eC4J8YdNWFSBJM.moD5zreAKoBACO7fvpa6O68A.Ap3y450EctfDe,ROLE_MEMBER,010-6721-4934,0
125,2023-01-13 20:23:00,,N,rstapleton3g@cargocollective.com,,fkeely3g,두려운 호랑이,$2a$10$eC4J8YdNWFSBJM.moD5zreAKoBACO7fvpa6O68A.Ap3y450EctfDe,ROLE_MEMBER,010-7759-0742,0
126,2022-11-11 13:31:00,,N,ktebb3h@photobucket.com,,rdrivers3h,상쾌한 돼지,$2a$10$eC4J8YdNWFSBJM.moD5zreAKoBACO7fvpa6O68A.Ap3y450EctfDe,ROLE_MEMBER,010-8575-2065,0
127,2022-03-18 15:17:00,,N,hneeves3i@mysql.com,,tdewfall3i,위축되는 하마,$2a$10$eC4J8YdNWFSBJM.moD5zreAKoBACO7fvpa6O68A.Ap3y450EctfDe,ROLE_MEMBER,010-6447-2182,0
128,2022-02-25 01:41:00,,N,bosgodby3j@joomla.org,,lburnand3j,당당한 원숭이,$2a$10$eC4J8YdNWFSBJM.moD5zreAKoBACO7fvpa6O68A.Ap3y450EctfDe,ROLE_MEMBER,010-1624-2743,0
129,2022-12-16 09:38:00,,N,escripps3k@ifeng.com,,merickssen3k,멋있는 다람쥐,$2a$10$eC4J8YdNWFSBJM.moD5zreAKoBACO7fvpa6O68A.Ap3y450EctfDe,ROLE_MEMBER,010-6503-0928,0
130,2022-12-27 20:49:00,,N,smcallaster3l@cisco.com,,vchalice3l,수줍은 기린,$2a$10$eC4J8YdNWFSBJM.moD5zreAKoBACO7fvpa6O68A.Ap3y450EctfDe,ROLE_MEMBER,010-2151-1152,0
131,2022-04-27 17:26:00,,N,cburchnall3m@businessinsider.com,,vcherrison3m,열받은 침팬치,$2a$10$eC4J8YdNWFSBJM.moD5zreAKoBACO7fvpa6O68A.Ap3y450EctfDe,ROLE_MEMBER,010-4517-6408,0
132,2022-08-19 21:19:00,,N,owortley3n@jalbum.net,,fbisley3n,위축되는 고슴도치,$2a$10$eC4J8YdNWFSBJM.moD5zreAKoBACO7fvpa6O68A.Ap3y450EctfDe,ROLE_MEMBER,010-3871-6476,0
133,2022-04-28 17:54:00,,N,wwhiffen3o@newsvine.com,,tmiguet3o,짜릿한 하마,$2a$10$eC4J8YdNWFSBJM.moD5zreAKoBACO7fvpa6O68A.Ap3y450EctfDe,ROLE_MEMBER,010-3983-4316,0
134,2022-07-05 04:12:00,,N,shornung3p@yahoo.com,,bkyston3p,잘생긴 하마,$2a$10$eC4J8YdNWFSBJM.moD5zreAKoBACO7fvpa6O68A.Ap3y450EctfDe,ROLE_MEMBER,010-2099-8809,0
135,2022-04-05 06:00:00,,N,crobrose3q@bloglovin.com,,msneden3q,배부른 앵무새,$2a$10$eC4J8YdNWFSBJM.moD5zreAKoBACO7fvpa6O68A.Ap3y450EctfDe,ROLE_MEMBER,010-8406-1337,0
136,2022-03-05 15:59:00,,N,lkorn3r@delicious.com,,vround3r,수줍은 기린,$2a$10$eC4J8YdNWFSBJM.moD5zreAKoBACO7fvpa6O68A.Ap3y450EctfDe,ROLE_MEMBER,010-8743-2830,0
137,2022-07-07 00:34:00,,N,aspiers3s@reference.com,,vpuxley3s,이쁜 고릴라,$2a$10$eC4J8YdNWFSBJM.moD5zreAKoBACO7fvpa6O68A.Ap3y450EctfDe,ROLE_MEMBER,010-7366-1504,0
138,2022-08-19 03:14:00,,N,jgownge3t@cloudflare.com,,nmccrisken3t,시끄러운 늑대,$2a$10$eC4J8YdNWFSBJM.moD5zreAKoBACO7fvpa6O68A.Ap3y450EctfDe,ROLE_MEMBER,010-8613-2911,0
139,2022-07-08 13:34:00,,N,jeubank3u@virginia.edu,,gaddess3u,위축되는 악어,$2a$10$eC4J8YdNWFSBJM.moD5zreAKoBACO7fvpa6O68A.Ap3y450EctfDe,ROLE_MEMBER,010-2378-7219,0
140,2022-04-29 01:26:00,,N,lploughwright3v@chron.com,,mgregorowicz3v,울적한 너구리,$2a$10$eC4J8YdNWFSBJM.moD5zreAKoBACO7fvpa6O68A.Ap3y450EctfDe,ROLE_MEMBER,010-2432-3660,0
141,2022-08-30 00:40:00,,N,bcarlone3w@tamu.edu,,tariss3w,열받은 침팬치,$2a$10$eC4J8YdNWFSBJM.moD5zreAKoBACO7fvpa6O68A.Ap3y450EctfDe,ROLE_MEMBER,010-6018-0967,0
142,2022-06-16 23:34:00,,N,thacking3x@europa.eu,,hfarlow3x,시끄러운 치타,$2a$10$eC4J8YdNWFSBJM.moD5zreAKoBACO7fvpa6O68A.Ap3y450EctfDe,ROLE_MEMBER,010-5525-1070,0
143,2022-03-15 16:29:00,,N,prableau3y@4shared.com,,mweedenburg3y,이쁜 참새,$2a$10$eC4J8YdNWFSBJM.moD5zreAKoBACO7fvpa6O68A.Ap3y450EctfDe,ROLE_MEMBER,010-8025-2300,0
144,2022-09-16 06:05:00,,N,geitter3z@msn.com,,nkordovani3z,당당한 거북이,$2a$10$eC4J8YdNWFSBJM.moD5zreAKoBACO7fvpa6O68A.Ap3y450EctfDe,ROLE_MEMBER,010-3438-1484,0
145,2022-05-26 04:28:00,,N,jbaythrop40@tripod.com,,sdandy40,상쾌한 하마,$2a$10$eC4J8YdNWFSBJM.moD5zreAKoBACO7fvpa6O68A.Ap3y450EctfDe,ROLE_MEMBER,010-9603-2963,0
146,2022-05-02 09:00:00,,N,aabrahamoff41@hexun.com,,tleaman41,잘생긴 하이에나,$2a$10$eC4J8YdNWFSBJM.moD5zreAKoBACO7fvpa6O68A.Ap3y450EctfDe,ROLE_MEMBER,010-7616-5642,0
147,2023-01-10 05:09:00,,N,wgwilliams42@bbb.org,,fhargerie42,신바람나는 얼룩말,$2a$10$eC4J8YdNWFSBJM.moD5zreAKoBACO7fvpa6O68A.Ap3y450EctfDe,ROLE_MEMBER,010-5770-0335,0
148,2022-03-28 22:45:00,,N,naldin43@vistaprint.com,,gzanussii43,심심한 강아지,$2a$10$eC4J8YdNWFSBJM.moD5zreAKoBACO7fvpa6O68A.Ap3y450EctfDe,ROLE_MEMBER,010-8945-1830,0
149,2022-06-06 01:23:00,,N,nvasilchikov44@buzzfeed.com,,vfutter44,창피한 코끼리,$2a$10$eC4J8YdNWFSBJM.moD5zreAKoBACO7fvpa6O68A.Ap3y450EctfDe,ROLE_MEMBER,010-2847-2436,0
150,2022-06-25 06:13:00,,N,boscully45@google.com,,dlinster45,기분좋은 앵무새,$2a$10$eC4J8YdNWFSBJM.moD5zreAKoBACO7fvpa6O68A.Ap3y450EctfDe,ROLE_MEMBER,010-0661-1829,0
151,2022-06-07 14:38:00,,N,lguillot46@barnesandnoble.com,,ycapin46,당당한 여우,$2a$10$eC4J8YdNWFSBJM.moD5zreAKoBACO7fvpa6O68A.Ap3y450EctfDe,ROLE_MEMBER,010-4701-3724,0
152,2022-04-05 13:23:00,,N,ebartosinski47@naver.com,,stomas47,비참한 고릴라,$2a$10$eC4J8YdNWFSBJM.moD5zreAKoBACO7fvpa6O68A.Ap3y450EctfDe,ROLE_MEMBER,010-0827-2283,0
153,2023-01-02 13:59:00,,N,rthiese48@jiathis.com,,ggarmanson48,신바람나는 미어캣,$2a$10$eC4J8YdNWFSBJM.moD5zreAKoBACO7fvpa6O68A.Ap3y450EctfDe,ROLE_MEMBER,010-1768-2318,0
154,2022-12-09 03:59:00,,N,lcolls49@mediafire.com,,hstopps49,신바람나는 고릴라,$2a$10$eC4J8YdNWFSBJM.moD5zreAKoBACO7fvpa6O68A.Ap3y450EctfDe,ROLE_MEMBER,010-1518-3024,0
155,2022-04-05 16:17:00,,N,sdombrell4a@themeforest.net,,acapper4a,배부른 기린,$2a$10$eC4J8YdNWFSBJM.moD5zreAKoBACO7fvpa6O68A.Ap3y450EctfDe,ROLE_MEMBER,010-0503-2572,0
156,2022-08-03 11:48:00,,N,lorpin4b@comcast.net,,cvineall4b,비참한 원숭이,$2a$10$eC4J8YdNWFSBJM.moD5zreAKoBACO7fvpa6O68A.Ap3y450EctfDe,ROLE_MEMBER,010-3195-1485,0
157,2022-03-07 19:17:00,,N,dgollin4c@google.pl,,ggeindre4c,심심한 얼룩말,$2a$10$eC4J8YdNWFSBJM.moD5zreAKoBACO7fvpa6O68A.Ap3y450EctfDe,ROLE_MEMBER,010-3540-0298,0
158,2022-11-09 12:00:00,,N,mhellmer4d@upenn.edu,,llamlin4d,자유로운 앵무새,$2a$10$eC4J8YdNWFSBJM.moD5zreAKoBACO7fvpa6O68A.Ap3y450EctfDe,ROLE_MEMBER,010-9221-3841,0
159,2022-07-05 16:35:00,,N,csigward4e@timesonline.co.uk,,cgaw4e,당당한 앵무새,$2a$10$eC4J8YdNWFSBJM.moD5zreAKoBACO7fvpa6O68A.Ap3y450EctfDe,ROLE_MEMBER,010-2229-3625,0
160,2023-01-01 16:28:00,,N,esnowball4f@elpais.com,,eprimett4f,두려운 기린,$2a$10$eC4J8YdNWFSBJM.moD5zreAKoBACO7fvpa6O68A.Ap3y450EctfDe,ROLE_MEMBER,010-1217-3845,0
161,2023-01-30 18:21:00,,N,ecarlan4g@goo.gl,,jplose4g,두려운 사자,$2a$10$eC4J8YdNWFSBJM.moD5zreAKoBACO7fvpa6O68A.Ap3y450EctfDe,ROLE_MEMBER,010-0597-7221,0
162,2023-01-13 01:17:00,,N,jgayforth4h@angelfire.com,,lgooden4h,기분나쁜 염소,$2a$10$eC4J8YdNWFSBJM.moD5zreAKoBACO7fvpa6O68A.Ap3y450EctfDe,ROLE_MEMBER,010-7569-4309,0
163,2022-02-26 17:45:00,,N,vattewill4i@gmpg.org,,mlazarus4i,비참한 거북이,$2a$10$eC4J8YdNWFSBJM.moD5zreAKoBACO7fvpa6O68A.Ap3y450EctfDe,ROLE_MEMBER,010-2959-7644,0
164,2022-12-11 23:40:00,,N,ealldread4j@unc.edu,,nmaiden4j,심심한 거북이,$2a$10$eC4J8YdNWFSBJM.moD5zreAKoBACO7fvpa6O68A.Ap3y450EctfDe,ROLE_MEMBER,010-2853-2880,0
165,2022-07-08 19:03:00,,N,ccornu4k@tuttocitta.it,,tdeveraux4k,배부른 하마,$2a$10$eC4J8YdNWFSBJM.moD5zreAKoBACO7fvpa6O68A.Ap3y450EctfDe,ROLE_MEMBER,010-9622-5393,0
166,2022-10-04 19:36:00,,N,hrene4l@domainmarket.com,,mmcgrail4l,비참한 치타,$2a$10$eC4J8YdNWFSBJM.moD5zreAKoBACO7fvpa6O68A.Ap3y450EctfDe,ROLE_MEMBER,010-7313-8719,0
167,2022-06-10 08:05:00,,N,vhuton4m@abc.net.au,,tstringman4m,긴장되는 고슴도치,$2a$10$eC4J8YdNWFSBJM.moD5zreAKoBACO7fvpa6O68A.Ap3y450EctfDe,ROLE_MEMBER,010-0017-4862,0
168,2023-01-01 12:15:00,,N,qcowen4n@weebly.com,,rkelwick4n,심심한 얼룩말,$2a$10$eC4J8YdNWFSBJM.moD5zreAKoBACO7fvpa6O68A.Ap3y450EctfDe,ROLE_MEMBER,010-6148-5641,0
169,2022-09-21 04:51:00,,N,marcase4o@umn.edu,,shordle4o,두려운 물소,$2a$10$eC4J8YdNWFSBJM.moD5zreAKoBACO7fvpa6O68A.Ap3y450EctfDe,ROLE_MEMBER,010-7543-5339,0
170,2022-02-18 02:00:00,,N,csnailham4p@cafepress.com,,obantham4p,배부른 고슴도치,$2a$10$eC4J8YdNWFSBJM.moD5zreAKoBACO7fvpa6O68A.Ap3y450EctfDe,ROLE_MEMBER,010-0287-5827,0
171,2022-06-01 19:12:00,,N,sfoston4q@cornell.edu,,pblakeden4q,긴장되는 하마,$2a$10$eC4J8YdNWFSBJM.moD5zreAKoBACO7fvpa6O68A.Ap3y450EctfDe,ROLE_MEMBER,010-4754-0187,0
172,2022-07-22 12:30:00,,N,swelland4r@wufoo.com,,dkyme4r,비참한 사자,$2a$10$eC4J8YdNWFSBJM.moD5zreAKoBACO7fvpa6O68A.Ap3y450EctfDe,ROLE_MEMBER,010-6633-6048,0
173,2022-11-04 03:45:00,,N,jspat4s@pinterest.com,,ktoulmin4s,열받은 강아지,$2a$10$eC4J8YdNWFSBJM.moD5zreAKoBACO7fvpa6O68A.Ap3y450EctfDe,ROLE_MEMBER,010-6010-9314,0
174,2022-04-20 13:53:00,,N,jives4t@g.co,,rsnufflebottom4t,배부른 코끼리,$2a$10$eC4J8YdNWFSBJM.moD5zreAKoBACO7fvpa6O68A.Ap3y450EctfDe,ROLE_MEMBER,010-2318-1306,0
175,2022-04-02 13:54:00,,N,kbony4u@sogou.com,,vjosuweit4u,배부른 돼지,$2a$10$eC4J8YdNWFSBJM.moD5zreAKoBACO7fvpa6O68A.Ap3y450EctfDe,ROLE_MEMBER,010-0895-0376,0
176,2022-12-15 16:41:00,,N,rwollacott4v@mapy.cz,,mderyebarrett4v,비참한 돼지,$2a$10$eC4J8YdNWFSBJM.moD5zreAKoBACO7fvpa6O68A.Ap3y450EctfDe,ROLE_MEMBER,010-8290-1678,0
177,2022-09-30 04:07:00,,N,wamner4w@hatena.ne.jp,,bmaliphant4w,당당한 악어,$2a$10$eC4J8YdNWFSBJM.moD5zreAKoBACO7fvpa6O68A.Ap3y450EctfDe,ROLE_MEMBER,010-0284-9879,0
178,2022-10-11 21:39:00,,N,bjanning4x@abc.net.au,,wbiffin4x,심심한 여우,$2a$10$eC4J8YdNWFSBJM.moD5zreAKoBACO7fvpa6O68A.Ap3y450EctfDe,ROLE_MEMBER,010-7176-0189,0
179,2022-06-18 15:38:00,,N,tdrinan4y@yandex.ru,,nbartolomucci4y,짜릿한 물소,$2a$10$eC4J8YdNWFSBJM.moD5zreAKoBACO7fvpa6O68A.Ap3y450EctfDe,ROLE_MEMBER,010-9122-3876,0
180,2022-04-14 12:29:00,,N,ndelaunde4z@china.com.cn,,piron4z,배부른 하이에나,$2a$10$eC4J8YdNWFSBJM.moD5zreAKoBACO7fvpa6O68A.Ap3y450EctfDe,ROLE_MEMBER,010-2014-6663,0
181,2022-05-14 06:00:00,,N,smallock50@twitter.com,,lminty50,상쾌한 코끼리,$2a$10$eC4J8YdNWFSBJM.moD5zreAKoBACO7fvpa6O68A.Ap3y450EctfDe,ROLE_MEMBER,010-6540-5260,0
182,2022-04-03 17:48:00,,N,ksoutherns51@forbes.com,,atiron51,배부른 치타,$2a$10$eC4J8YdNWFSBJM.moD5zreAKoBACO7fvpa6O68A.Ap3y450EctfDe,ROLE_MEMBER,010-0791-5236,0
183,2022-03-02 00:30:00,,N,gbirchwood52@hao123.com,,evaz52,당당한 수달,$2a$10$eC4J8YdNWFSBJM.moD5zreAKoBACO7fvpa6O68A.Ap3y450EctfDe,ROLE_MEMBER,010-3614-4968,0
184,2022-06-07 23:14:00,,N,lcutriss53@amazonaws.com,,kquene53,시끄러운 여우,$2a$10$eC4J8YdNWFSBJM.moD5zreAKoBACO7fvpa6O68A.Ap3y450EctfDe,ROLE_MEMBER,010-9408-8528,0
185,2022-06-01 01:20:00,,N,mmcvittie54@shutterfly.com,,slepper54,상쾌한 고릴라,$2a$10$eC4J8YdNWFSBJM.moD5zreAKoBACO7fvpa6O68A.Ap3y450EctfDe,ROLE_MEMBER,010-0102-6839,0
186,2022-09-30 16:55:00,,N,kstancer55@utexas.edu,,kduffan55,두려운 얼룩말,$2a$10$eC4J8YdNWFSBJM.moD5zreAKoBACO7fvpa6O68A.Ap3y450EctfDe,ROLE_MEMBER,010-9139-0129,0
187,2022-09-29 16:38:00,,N,opimlock56@pagesperso-orange.fr,,wdelgardillo56,긴장되는 강아지,$2a$10$eC4J8YdNWFSBJM.moD5zreAKoBACO7fvpa6O68A.Ap3y450EctfDe,ROLE_MEMBER,010-5580-3842,0
188,2023-01-22 01:21:00,,N,amartonfi57@unblog.fr,,bchaffen57,멋있는 거북이,$2a$10$eC4J8YdNWFSBJM.moD5zreAKoBACO7fvpa6O68A.Ap3y450EctfDe,ROLE_MEMBER,010-2392-7175,0
189,2022-10-16 09:18:00,,N,obrabyn58@youku.com,,mdwire58,위축되는 하이에나,$2a$10$eC4J8YdNWFSBJM.moD5zreAKoBACO7fvpa6O68A.Ap3y450EctfDe,ROLE_MEMBER,010-5489-8513,0
190,2022-03-28 19:05:00,,N,fkenningham59@reddit.com,,skos59,비참한 판다,$2a$10$eC4J8YdNWFSBJM.moD5zreAKoBACO7fvpa6O68A.Ap3y450EctfDe,ROLE_MEMBER,010-8441-3616,0
191,2022-10-26 00:25:00,,N,dcornfoot5a@netscape.com,,fexcell5a,시끄러운 고양이,$2a$10$eC4J8YdNWFSBJM.moD5zreAKoBACO7fvpa6O68A.Ap3y450EctfDe,ROLE_MEMBER,010-2901-4366,0
192,2022-05-22 05:08:00,,N,mecclestone5b@chronoengine.com,,cneles5b,짜릿한 치타,$2a$10$eC4J8YdNWFSBJM.moD5zreAKoBACO7fvpa6O68A.Ap3y450EctfDe,ROLE_MEMBER,010-6922-1837,0
193,2022-07-16 05:49:00,,N,hneames5c@vistaprint.com,,jlotterington5c,서운한 악어,$2a$10$eC4J8YdNWFSBJM.moD5zreAKoBACO7fvpa6O68A.Ap3y450EctfDe,ROLE_MEMBER,010-2239-5512,0
194,2023-02-03 16:02:00,,N,jmackerness5d@newsvine.com,,mlucock5d,긴장되는 고슴도치,$2a$10$eC4J8YdNWFSBJM.moD5zreAKoBACO7fvpa6O68A.Ap3y450EctfDe,ROLE_MEMBER,010-6978-7354,0
195,2023-02-11 22:03:00,,N,cvellender5e@dyndns.org,,toswal5e,자유로운 치타,$2a$10$eC4J8YdNWFSBJM.moD5zreAKoBACO7fvpa6O68A.Ap3y450EctfDe,ROLE_MEMBER,010-4094-3191,0
196,2022-05-18 08:09:00,,N,pmacquarrie5f@hostgator.com,,sblakesley5f,배부른 치타,$2a$10$eC4J8YdNWFSBJM.moD5zreAKoBACO7fvpa6O68A.Ap3y450EctfDe,ROLE_MEMBER,010-1680-9924,0
197,2022-04-07 00:52:00,,N,dmarages5g@ebay.com,,jbeange5g,시끄러운 판다,$2a$10$eC4J8YdNWFSBJM.moD5zreAKoBACO7fvpa6O68A.Ap3y450EctfDe,ROLE_MEMBER,010-7182-2104,0
198,2022-12-07 12:14:00,,N,cgronno5h@sciencedaily.com,,eandrysek5h,이쁜 거북이,$2a$10$eC4J8YdNWFSBJM.moD5zreAKoBACO7fvpa6O68A.Ap3y450EctfDe,ROLE_MEMBER,010-1974-1062,0
199,2022-03-21 04:46:00,,N,pscrace5i@dedecms.com,,jsinnatt5i,울적한 물소,$2a$10$eC4J8YdNWFSBJM.moD5zreAKoBACO7fvpa6O68A.Ap3y450EctfDe,ROLE_MEMBER,010-6063-1550,0
200,2023-02-06 09:40:00,,N,dcordelette5j@cnet.com,,bbuscher5j,시끄러운 고양이,$2a$10$eC4J8YdNWFSBJM.moD5zreAKoBACO7fvpa6O68A.Ap3y450EctfDe,ROLE_MEMBER,010-5815-0196,0
201,2022-05-04 05:17:00,,N,hraspison5k@sfgate.com,,fdwight5k,창피한 원숭이,$2a$10$eC4J8YdNWFSBJM.moD5zreAKoBACO7fvpa6O68A.Ap3y450EctfDe,ROLE_MEMBER,010-8368-9796,0
202,2022-05-04 00:25:00,,N,gbartholomew5l@tamu.edu,,adolton5l,기분좋은 판다,$2a$10$eC4J8YdNWFSBJM.moD5zreAKoBACO7fvpa6O68A.Ap3y450EctfDe,ROLE_MEMBER,010-5722-8349,0
203,2023-02-05 22:42:00,,N,bpeskett5m@rambler.ru,,gsaint5m,당당한 하마,$2a$10$eC4J8YdNWFSBJM.moD5zreAKoBACO7fvpa6O68A.Ap3y450EctfDe,ROLE_MEMBER,010-4294-2312,0
204,2022-04-01 11:21:00,,N,kmcallan5n@utexas.edu,,acheverell5n,멋있는 고슴도치,$2a$10$eC4J8YdNWFSBJM.moD5zreAKoBACO7fvpa6O68A.Ap3y450EctfDe,ROLE_MEMBER,010-5922-5681,0
205,2022-02-16 20:00:00,,N,giskowicz5o@ted.com,,tboatright5o,긴장되는 고릴라,$2a$10$eC4J8YdNWFSBJM.moD5zreAKoBACO7fvpa6O68A.Ap3y450EctfDe,ROLE_MEMBER,010-8295-3741,0
206,2022-07-02 15:26:00,,N,bryott5p@tiny.cc,,rdrinkhill5p,비참한 다람쥐,$2a$10$eC4J8YdNWFSBJM.moD5zreAKoBACO7fvpa6O68A.Ap3y450EctfDe,ROLE_MEMBER,010-5596-9066,0
207,2022-06-03 19:18:00,,N,rcrock5q@1und1.de,,benrrico5q,신바람나는 악어,$2a$10$eC4J8YdNWFSBJM.moD5zreAKoBACO7fvpa6O68A.Ap3y450EctfDe,ROLE_MEMBER,010-3461-2373,0
208,2022-04-15 11:49:00,,N,jzoren5r@guardian.co.uk,,sreedick5r,긴장되는 원숭이,$2a$10$eC4J8YdNWFSBJM.moD5zreAKoBACO7fvpa6O68A.Ap3y450EctfDe,ROLE_MEMBER,010-4546-6824,0
209,2022-12-07 12:42:00,,N,ctidgewell5s@godaddy.com,,cheintsch5s,수줍은 강아지,$2a$10$eC4J8YdNWFSBJM.moD5zreAKoBACO7fvpa6O68A.Ap3y450EctfDe,ROLE_MEMBER,010-7055-3257,0
210,2022-03-01 07:27:00,,N,cberthomier5t@fastcompany.com,,tgunton5t,시끄러운 판다,$2a$10$eC4J8YdNWFSBJM.moD5zreAKoBACO7fvpa6O68A.Ap3y450EctfDe,ROLE_MEMBER,010-3788-9596,0
211,2022-03-24 11:07:00,,N,nbernardot5u@usa.gov,,abedham5u,자유로운 얼룩말,$2a$10$eC4J8YdNWFSBJM.moD5zreAKoBACO7fvpa6O68A.Ap3y450EctfDe,ROLE_MEMBER,010-6387-4229,0
212,2022-09-22 13:55:00,,N,spauley5v@wix.com,,cvasovic5v,시끄러운 다람쥐,$2a$10$eC4J8YdNWFSBJM.moD5zreAKoBACO7fvpa6O68A.Ap3y450EctfDe,ROLE_MEMBER,010-4354-3727,0
213,2023-01-31 08:27:00,,N,eskewis5w@uiuc.edu,,sbuttel5w,심심한 고릴라,$2a$10$eC4J8YdNWFSBJM.moD5zreAKoBACO7fvpa6O68A.Ap3y450EctfDe,ROLE_MEMBER,010-4196-7968,0
214,2023-01-03 22:50:00,,N,rglauber5x@nasa.gov,,tcapineer5x,시끄러운 미어캣,$2a$10$eC4J8YdNWFSBJM.moD5zreAKoBACO7fvpa6O68A.Ap3y450EctfDe,ROLE_MEMBER,010-6402-6880,0
215,2022-10-08 07:21:00,,N,atraite5y@webmd.com,,fledingham5y,상쾌한 악어,$2a$10$eC4J8YdNWFSBJM.moD5zreAKoBACO7fvpa6O68A.Ap3y450EctfDe,ROLE_MEMBER,010-8639-4596,0
216,2022-03-06 11:41:00,,N,wbrimner5z@moonfruit.com,,garthur5z,잘생긴 사자,$2a$10$eC4J8YdNWFSBJM.moD5zreAKoBACO7fvpa6O68A.Ap3y450EctfDe,ROLE_MEMBER,010-7961-6648,0
217,2022-12-13 04:50:00,,N,mmcwhinney60@berkeley.edu,,nfollitt60,기분좋은 기린,$2a$10$eC4J8YdNWFSBJM.moD5zreAKoBACO7fvpa6O68A.Ap3y450EctfDe,ROLE_MEMBER,010-8583-9800,0
218,2023-01-28 20:21:00,,N,crathjen61@narod.ru,,cshearn61,자유로운 참새,$2a$10$eC4J8YdNWFSBJM.moD5zreAKoBACO7fvpa6O68A.Ap3y450EctfDe,ROLE_MEMBER,010-9692-2789,0
219,2022-05-13 11:24:00,,N,idurden62@trellian.com,,jgeram62,짜릿한 늑대,$2a$10$eC4J8YdNWFSBJM.moD5zreAKoBACO7fvpa6O68A.Ap3y450EctfDe,ROLE_MEMBER,010-9179-0931,0
220,2022-12-23 09:15:00,,N,jchatt63@usda.gov,,rwoodwind63,시끄러운 사자,$2a$10$eC4J8YdNWFSBJM.moD5zreAKoBACO7fvpa6O68A.Ap3y450EctfDe,ROLE_MEMBER,010-9936-1881,0
221,2022-09-17 22:06:00,,N,bksandra64@guardian.co.uk,,lhardacre64,당당한 판다,$2a$10$eC4J8YdNWFSBJM.moD5zreAKoBACO7fvpa6O68A.Ap3y450EctfDe,ROLE_MEMBER,010-5050-5095,0
222,2022-08-31 22:23:00,,N,awathall65@engadget.com,,obattany65,상쾌한 침팬치,$2a$10$eC4J8YdNWFSBJM.moD5zreAKoBACO7fvpa6O68A.Ap3y450EctfDe,ROLE_MEMBER,010-6956-4679,0
223,2022-09-12 19:24:00,,N,mcromarty66@senate.gov,,lwellard66,비참한 염소,$2a$10$eC4J8YdNWFSBJM.moD5zreAKoBACO7fvpa6O68A.Ap3y450EctfDe,ROLE_MEMBER,010-2388-9403,0
224,2022-12-10 10:20:00,,N,mlumsdall67@virginia.edu,,asliney67,기분나쁜 하이에나,$2a$10$eC4J8YdNWFSBJM.moD5zreAKoBACO7fvpa6O68A.Ap3y450EctfDe,ROLE_MEMBER,010-3975-5842,0
225,2022-09-21 07:25:00,,N,mhibbart68@de.vu,,ltowson68,기분좋은 고슴도치,$2a$10$eC4J8YdNWFSBJM.moD5zreAKoBACO7fvpa6O68A.Ap3y450EctfDe,ROLE_MEMBER,010-4722-4836,0
226,2022-05-05 10:13:00,,N,gruffler69@technorati.com,,kkohn69,긴장되는 곰,$2a$10$eC4J8YdNWFSBJM.moD5zreAKoBACO7fvpa6O68A.Ap3y450EctfDe,ROLE_MEMBER,010-9082-8370,0
227,2022-12-30 01:51:00,,N,jpoint6a@huffingtonpost.com,,spendered6a,긴장되는 하이에나,$2a$10$eC4J8YdNWFSBJM.moD5zreAKoBACO7fvpa6O68A.Ap3y450EctfDe,ROLE_MEMBER,010-4680-0108,0
228,2022-04-27 01:12:00,,N,pmckimmie6b@imgur.com,,ahubberstey6b,기분나쁜 미어캣,$2a$10$eC4J8YdNWFSBJM.moD5zreAKoBACO7fvpa6O68A.Ap3y450EctfDe,ROLE_MEMBER,010-3673-7557,0
229,2022-05-23 20:37:00,,N,bkivell6c@ucoz.ru,,mlorraway6c,짜릿한 사자,$2a$10$eC4J8YdNWFSBJM.moD5zreAKoBACO7fvpa6O68A.Ap3y450EctfDe,ROLE_MEMBER,010-3999-9984,0
230,2022-09-12 23:11:00,,N,cmethley6d@yellowbook.com,,abows6d,두려운 얼룩말,$2a$10$eC4J8YdNWFSBJM.moD5zreAKoBACO7fvpa6O68A.Ap3y450EctfDe,ROLE_MEMBER,010-7771-1282,0
231,2022-09-13 20:45:00,,N,ckiehl6e@surveymonkey.com,,svilliers6e,열받은 고슴도치,$2a$10$eC4J8YdNWFSBJM.moD5zreAKoBACO7fvpa6O68A.Ap3y450EctfDe,ROLE_MEMBER,010-2956-1440,0
232,2022-10-26 11:38:00,,N,bdunnet6f@state.tx.us,,amacsween6f,심심한 앵무새,$2a$10$eC4J8YdNWFSBJM.moD5zreAKoBACO7fvpa6O68A.Ap3y450EctfDe,ROLE_MEMBER,010-0571-1787,0
233,2022-04-22 09:00:00,,N,rcathenod6g@domainmarket.com,,hsivier6g,심심한 기린,$2a$10$eC4J8YdNWFSBJM.moD5zreAKoBACO7fvpa6O68A.Ap3y450EctfDe,ROLE_MEMBER,010-1698-5996,0
234,2022-11-12 15:16:00,,N,rchafer6h@java.com,,ebuttle6h,신바람나는 사자,$2a$10$eC4J8YdNWFSBJM.moD5zreAKoBACO7fvpa6O68A.Ap3y450EctfDe,ROLE_MEMBER,010-9309-1284,0
235,2022-12-06 22:44:00,,N,tessam6i@linkedin.com,,lgadsdon6i,시끄러운 고슴도치,$2a$10$eC4J8YdNWFSBJM.moD5zreAKoBACO7fvpa6O68A.Ap3y450EctfDe,ROLE_MEMBER,010-1543-7085,0
236,2022-11-26 02:53:00,,N,dvineall6j@reference.com,,estubs6j,기분좋은 하마,$2a$10$eC4J8YdNWFSBJM.moD5zreAKoBACO7fvpa6O68A.Ap3y450EctfDe,ROLE_MEMBER,010-1794-0991,0
237,2022-09-24 21:23:00,,N,rluxford6k@engadget.com,,brosenfield6k,심심한 코끼리,$2a$10$eC4J8YdNWFSBJM.moD5zreAKoBACO7fvpa6O68A.Ap3y450EctfDe,ROLE_MEMBER,010-3596-2848,0
238,2022-09-21 09:42:00,,N,againsburgh6l@google.it,,abenedicto6l,이쁜 원숭이,$2a$10$eC4J8YdNWFSBJM.moD5zreAKoBACO7fvpa6O68A.Ap3y450EctfDe,ROLE_MEMBER,010-8761-5885,0
239,2023-01-22 19:23:00,,N,adowney6m@howstuffworks.com,,mhillin6m,상쾌한 원숭이,$2a$10$eC4J8YdNWFSBJM.moD5zreAKoBACO7fvpa6O68A.Ap3y450EctfDe,ROLE_MEMBER,010-8006-3965,0
240,2022-03-07 08:37:00,,N,wferrandez6n@google.es,,rjanuaryst6n,비참한 얼룩말,$2a$10$eC4J8YdNWFSBJM.moD5zreAKoBACO7fvpa6O68A.Ap3y450EctfDe,ROLE_MEMBER,010-7124-6760,0
241,2022-12-25 03:27:00,,N,strime6o@cloudflare.com,,dsea6o,창피한 고슴도치,$2a$10$eC4J8YdNWFSBJM.moD5zreAKoBACO7fvpa6O68A.Ap3y450EctfDe,ROLE_MEMBER,010-7801-3777,0
242,2022-12-02 05:31:00,,N,afaithfull6p@state.tx.us,,jstocken6p,짜릿한 다람쥐,$2a$10$eC4J8YdNWFSBJM.moD5zreAKoBACO7fvpa6O68A.Ap3y450EctfDe,ROLE_MEMBER,010-5782-3865,0
243,2022-07-14 04:01:00,,N,broache6q@who.int,,syewdale6q,비참한 토끼,$2a$10$eC4J8YdNWFSBJM.moD5zreAKoBACO7fvpa6O68A.Ap3y450EctfDe,ROLE_MEMBER,010-4751-7510,0
244,2022-03-09 14:20:00,,N,ymcavey6r@cloudflare.com,,mearthfield6r,멋있는 너구리,$2a$10$eC4J8YdNWFSBJM.moD5zreAKoBACO7fvpa6O68A.Ap3y450EctfDe,ROLE_MEMBER,010-7136-5820,0
245,2022-12-19 08:26:00,,N,qgate6s@oaic.gov.au,,ldallewater6s,신바람나는 너구리,$2a$10$eC4J8YdNWFSBJM.moD5zreAKoBACO7fvpa6O68A.Ap3y450EctfDe,ROLE_MEMBER,010-2829-1937,0
246,2022-04-17 14:47:00,,N,slooney6t@gov.uk,,ulente6t,기분나쁜 늑대,$2a$10$eC4J8YdNWFSBJM.moD5zreAKoBACO7fvpa6O68A.Ap3y450EctfDe,ROLE_MEMBER,010-2143-3585,0
247,2022-09-16 06:12:00,,N,khapke6u@blogtalkradio.com,,bpitkaithly6u,상쾌한 수달,$2a$10$eC4J8YdNWFSBJM.moD5zreAKoBACO7fvpa6O68A.Ap3y450EctfDe,ROLE_MEMBER,010-2784-5774,0
248,2022-10-30 03:40:00,,N,ecastilljo6v@marketwatch.com,,wblesing6v,울적한 악어,$2a$10$eC4J8YdNWFSBJM.moD5zreAKoBACO7fvpa6O68A.Ap3y450EctfDe,ROLE_MEMBER,010-7728-3297,0
249,2022-11-18 22:14:00,,N,kverdie6w@state.gov,,mpashbee6w,수줍은 고릴라,$2a$10$eC4J8YdNWFSBJM.moD5zreAKoBACO7fvpa6O68A.Ap3y450EctfDe,ROLE_MEMBER,010-5384-1000,0
250,2022-04-22 15:50:00,,N,lmcconaghy6x@discuz.net,,aweatherburn6x,짜릿한 고슴도치,$2a$10$eC4J8YdNWFSBJM.moD5zreAKoBACO7fvpa6O68A.Ap3y450EctfDe,ROLE_MEMBER,010-6870-9724,0
251,2022-09-26 10:01:00,,N,zandriesse6y@4shared.com,,ibehrens6y,울적한 기린,$2a$10$eC4J8YdNWFSBJM.moD5zreAKoBACO7fvpa6O68A.Ap3y450EctfDe,ROLE_MEMBER,010-0713-7493,0
252,2022-06-19 18:56:00,,N,aquinby6z@theguardian.com,,beakens6z,기분좋은 강아지,$2a$10$eC4J8YdNWFSBJM.moD5zreAKoBACO7fvpa6O68A.Ap3y450EctfDe,ROLE_MEMBER,010-4691-3228,0
253,2023-01-23 13:43:00,,N,mpidcock70@so-net.ne.jp,,jsantorini70,그리운 다람쥐,$2a$10$eC4J8YdNWFSBJM.moD5zreAKoBACO7fvpa6O68A.Ap3y450EctfDe,ROLE_MEMBER,010-0525-0633,0
254,2022-03-03 00:14:00,,N,awedderburn71@auda.org.au,,kmorriarty71,수줍은 고릴라,$2a$10$eC4J8YdNWFSBJM.moD5zreAKoBACO7fvpa6O68A.Ap3y450EctfDe,ROLE_MEMBER,010-9151-5804,0
255,2022-03-29 06:07:00,,N,smatyukon72@stanford.edu,,epimlett72,기분나쁜 치타,$2a$10$eC4J8YdNWFSBJM.moD5zreAKoBACO7fvpa6O68A.Ap3y450EctfDe,ROLE_MEMBER,010-4818-8476,0
256,2023-02-09 03:24:00,,N,respinoza73@disqus.com,,jesmonde73,당당한 호랑이,$2a$10$eC4J8YdNWFSBJM.moD5zreAKoBACO7fvpa6O68A.Ap3y450EctfDe,ROLE_MEMBER,010-4824-5871,0
257,2023-01-18 07:11:00,,N,bproudler74@mysql.com,,eaujouanet74,상쾌한 하마,$2a$10$eC4J8YdNWFSBJM.moD5zreAKoBACO7fvpa6O68A.Ap3y450EctfDe,ROLE_MEMBER,010-7775-2995,0
258,2022-11-18 11:33:00,,N,dboole75@earthlink.net,,flindsell75,상쾌한 앵무새,$2a$10$eC4J8YdNWFSBJM.moD5zreAKoBACO7fvpa6O68A.Ap3y450EctfDe,ROLE_MEMBER,010-7553-8217,0
259,2022-03-03 10:39:00,,N,csplevins76@google.com.br,,jcurnnok76,잘생긴 수달,$2a$10$eC4J8YdNWFSBJM.moD5zreAKoBACO7fvpa6O68A.Ap3y450EctfDe,ROLE_MEMBER,010-9191-6617,0
260,2022-04-17 22:20:00,,N,fcruikshanks77@livejournal.com,,vwykey77,배부른 너구리,$2a$10$eC4J8YdNWFSBJM.moD5zreAKoBACO7fvpa6O68A.Ap3y450EctfDe,ROLE_MEMBER,010-7403-3099,0
261,2022-05-03 22:26:00,,N,dheaviside78@facebook.com,,mmcallaster78,이쁜 다람쥐,$2a$10$eC4J8YdNWFSBJM.moD5zreAKoBACO7fvpa6O68A.Ap3y450EctfDe,ROLE_MEMBER,010-1289-5121,0
262,2022-04-10 17:52:00,,N,adouglass79@sohu.com,,pdyett79,배부른 고릴라,$2a$10$eC4J8YdNWFSBJM.moD5zreAKoBACO7fvpa6O68A.Ap3y450EctfDe,ROLE_MEMBER,010-3768-5895,0
263,2022-08-25 06:54:00,,N,clethibridge7a@phpbb.com,,jbawdon7a,수줍은 악어,$2a$10$eC4J8YdNWFSBJM.moD5zreAKoBACO7fvpa6O68A.Ap3y450EctfDe,ROLE_MEMBER,010-1017-2267,0
264,2022-03-07 05:28:00,,N,ebandiera7b@shutterfly.com,,lmauditt7b,기분좋은 호랑이,$2a$10$eC4J8YdNWFSBJM.moD5zreAKoBACO7fvpa6O68A.Ap3y450EctfDe,ROLE_MEMBER,010-7312-0623,0
265,2022-05-15 00:12:00,,N,wsibthorpe7c@reference.com,,rhallewell7c,심심한 염소,$2a$10$eC4J8YdNWFSBJM.moD5zreAKoBACO7fvpa6O68A.Ap3y450EctfDe,ROLE_MEMBER,010-5455-1911,0
266,2022-08-19 15:27:00,,N,afigiovanni7d@amazon.co.uk,,cramel7d,심심한 앵무새,$2a$10$eC4J8YdNWFSBJM.moD5zreAKoBACO7fvpa6O68A.Ap3y450EctfDe,ROLE_MEMBER,010-0126-9681,0
267,2022-09-02 05:54:00,,N,hmockler7e@vkontakte.ru,,jdamp7e,서운한 원숭이,$2a$10$eC4J8YdNWFSBJM.moD5zreAKoBACO7fvpa6O68A.Ap3y450EctfDe,ROLE_MEMBER,010-1966-1716,0
268,2022-05-27 11:12:00,,N,flobbe7f@comcast.net,,vcastelli7f,짜릿한 곰,$2a$10$eC4J8YdNWFSBJM.moD5zreAKoBACO7fvpa6O68A.Ap3y450EctfDe,ROLE_MEMBER,010-7615-3298,0
269,2022-11-18 06:44:00,,N,lbrownbill7g@gnu.org,,mtabourin7g,짜릿한 하이에나,$2a$10$eC4J8YdNWFSBJM.moD5zreAKoBACO7fvpa6O68A.Ap3y450EctfDe,ROLE_MEMBER,010-8577-3096,0
270,2022-03-24 13:44:00,,N,joheyne7h@tumblr.com,,gbroker7h,그리운 곰,$2a$10$eC4J8YdNWFSBJM.moD5zreAKoBACO7fvpa6O68A.Ap3y450EctfDe,ROLE_MEMBER,010-8346-3134,0
271,2022-11-22 18:06:00,,N,mmcgilben7i@wikia.com,,pbergstrand7i,잘생긴 얼룩말,$2a$10$eC4J8YdNWFSBJM.moD5zreAKoBACO7fvpa6O68A.Ap3y450EctfDe,ROLE_MEMBER,010-9645-9919,0
272,2022-08-17 16:28:00,,N,shuntley7j@rediff.com,,vfaughey7j,신바람나는 수달,$2a$10$eC4J8YdNWFSBJM.moD5zreAKoBACO7fvpa6O68A.Ap3y450EctfDe,ROLE_MEMBER,010-5659-7999,0
273,2022-07-25 20:27:00,,N,rbinks7k@csmonitor.com,,portmann7k,울적한 원숭이,$2a$10$eC4J8YdNWFSBJM.moD5zreAKoBACO7fvpa6O68A.Ap3y450EctfDe,ROLE_MEMBER,010-1485-8719,0
274,2022-09-10 05:16:00,,N,kmousdall7l@hubpages.com,,mlyal7l,기분나쁜 앵무새,$2a$10$eC4J8YdNWFSBJM.moD5zreAKoBACO7fvpa6O68A.Ap3y450EctfDe,ROLE_MEMBER,010-2189-0933,0
275,2022-04-08 18:19:00,,N,kstruan7m@guardian.co.uk,,hbrigden7m,창피한 앵무새,$2a$10$eC4J8YdNWFSBJM.moD5zreAKoBACO7fvpa6O68A.Ap3y450EctfDe,ROLE_MEMBER,010-7595-6377,0
276,2022-12-04 02:54:00,,N,btreagus7n@utexas.edu,,rfallow7n,그리운 앵무새,$2a$10$eC4J8YdNWFSBJM.moD5zreAKoBACO7fvpa6O68A.Ap3y450EctfDe,ROLE_MEMBER,010-9700-9050,0
277,2022-10-18 21:24:00,,N,tthring7o@domainmarket.com,,ahemphill7o,긴장되는 늑대,$2a$10$eC4J8YdNWFSBJM.moD5zreAKoBACO7fvpa6O68A.Ap3y450EctfDe,ROLE_MEMBER,010-3846-5954,0
278,2022-07-15 21:22:00,,N,dpogosian7p@friendfeed.com,,fmuldowney7p,열받은 판다,$2a$10$eC4J8YdNWFSBJM.moD5zreAKoBACO7fvpa6O68A.Ap3y450EctfDe,ROLE_MEMBER,010-6172-3048,0
279,2022-04-29 22:04:00,,N,wrumbold7q@jigsy.com,,hboast7q,시끄러운 토끼,$2a$10$eC4J8YdNWFSBJM.moD5zreAKoBACO7fvpa6O68A.Ap3y450EctfDe,ROLE_MEMBER,010-5445-6059,0
280,2022-07-16 22:06:00,,N,mdafter7r@seesaa.net,,gmatyas7r,서운한 코끼리,$2a$10$eC4J8YdNWFSBJM.moD5zreAKoBACO7fvpa6O68A.Ap3y450EctfDe,ROLE_MEMBER,010-1287-1928,0
281,2022-10-16 00:52:00,,N,eacland7s@reuters.com,,ttarbatt7s,이쁜 늑대,$2a$10$eC4J8YdNWFSBJM.moD5zreAKoBACO7fvpa6O68A.Ap3y450EctfDe,ROLE_MEMBER,010-3551-2531,0
282,2022-03-02 20:43:00,,N,tkitchinghan7t@intel.com,,ekyles7t,울적한 코끼리,$2a$10$eC4J8YdNWFSBJM.moD5zreAKoBACO7fvpa6O68A.Ap3y450EctfDe,ROLE_MEMBER,010-9472-2777,0
283,2022-07-02 21:11:00,,N,rminers7u@ow.ly,,espelman7u,기분나쁜 고릴라,$2a$10$eC4J8YdNWFSBJM.moD5zreAKoBACO7fvpa6O68A.Ap3y450EctfDe,ROLE_MEMBER,010-8422-2210,0
284,2022-11-28 16:51:00,,N,pjendas7v@telegraph.co.uk,,bbargery7v,울적한 참새,$2a$10$eC4J8YdNWFSBJM.moD5zreAKoBACO7fvpa6O68A.Ap3y450EctfDe,ROLE_MEMBER,010-7058-8335,0
285,2022-10-25 03:04:00,,N,nauton7w@nbcnews.com,,lianni7w,심심한 고양이,$2a$10$eC4J8YdNWFSBJM.moD5zreAKoBACO7fvpa6O68A.Ap3y450EctfDe,ROLE_MEMBER,010-1517-5324,0
286,2022-03-01 01:07:00,,N,clewzey7x@weibo.com,,kjumeau7x,울적한 미어캣,$2a$10$eC4J8YdNWFSBJM.moD5zreAKoBACO7fvpa6O68A.Ap3y450EctfDe,ROLE_MEMBER,010-5658-1827,0
287,2022-07-10 09:21:00,,N,bdurrans7y@ning.com,,taldrick7y,수줍은 침팬치,$2a$10$eC4J8YdNWFSBJM.moD5zreAKoBACO7fvpa6O68A.Ap3y450EctfDe,ROLE_MEMBER,010-8005-3955,0
288,2022-10-20 06:26:00,,N,wdegoix7z@apple.com,,djamieson7z,심심한 앵무새,$2a$10$eC4J8YdNWFSBJM.moD5zreAKoBACO7fvpa6O68A.Ap3y450EctfDe,ROLE_MEMBER,010-6716-6318,0
289,2022-07-07 16:36:00,,N,bgreatbach80@adobe.com,,rlissandrini80,신바람나는 돼지,$2a$10$eC4J8YdNWFSBJM.moD5zreAKoBACO7fvpa6O68A.Ap3y450EctfDe,ROLE_MEMBER,010-0930-5737,0
290,2022-03-21 21:27:00,,N,jiorns81@hud.gov,,mguppy81,심심한 사자,$2a$10$eC4J8YdNWFSBJM.moD5zreAKoBACO7fvpa6O68A.Ap3y450EctfDe,ROLE_MEMBER,010-9681-1510,0
291,2022-06-04 13:36:00,,N,hwasling82@slate.com,,eyellowlees82,멋있는 곰,$2a$10$eC4J8YdNWFSBJM.moD5zreAKoBACO7fvpa6O68A.Ap3y450EctfDe,ROLE_MEMBER,010-7457-3740,0
292,2022-09-25 17:57:00,,N,mscottini83@nytimes.com,,ebrahams83,창피한 악어,$2a$10$eC4J8YdNWFSBJM.moD5zreAKoBACO7fvpa6O68A.Ap3y450EctfDe,ROLE_MEMBER,010-9995-8008,0
293,2022-06-06 17:44:00,,N,charness84@intel.com,,mferencz84,잘생긴 돼지,$2a$10$eC4J8YdNWFSBJM.moD5zreAKoBACO7fvpa6O68A.Ap3y450EctfDe,ROLE_MEMBER,010-4580-5078,0
294,2023-01-07 20:50:00,,N,ddregan85@amazon.co.jp,,asteggles85,기분좋은 물소,$2a$10$eC4J8YdNWFSBJM.moD5zreAKoBACO7fvpa6O68A.Ap3y450EctfDe,ROLE_MEMBER,010-4689-6848,0
295,2022-09-18 12:58:00,,N,tgrishkov86@comsenz.com,,dmaureen86,이쁜 미어캣,$2a$10$eC4J8YdNWFSBJM.moD5zreAKoBACO7fvpa6O68A.Ap3y450EctfDe,ROLE_MEMBER,010-7398-5044,0
296,2022-11-09 00:13:00,,N,btrayes87@shutterfly.com,,tjosephs87,긴장되는 치타,$2a$10$eC4J8YdNWFSBJM.moD5zreAKoBACO7fvpa6O68A.Ap3y450EctfDe,ROLE_MEMBER,010-1070-9866,0
297,2022-10-26 01:34:00,,N,ekenlin88@webeden.co.uk,,fkestle88,긴장되는 원숭이,$2a$10$eC4J8YdNWFSBJM.moD5zreAKoBACO7fvpa6O68A.Ap3y450EctfDe,ROLE_MEMBER,010-8441-4781,0
298,2022-03-28 04:08:00,,N,kgoodison89@xing.com,,eolivetta89,잘생긴 염소,$2a$10$eC4J8YdNWFSBJM.moD5zreAKoBACO7fvpa6O68A.Ap3y450EctfDe,ROLE_MEMBER,010-0404-7687,0
299,2022-07-01 19:26:00,,N,jpinnion8a@bloglovin.com,,scarlo8a,짜릿한 기린,$2a$10$eC4J8YdNWFSBJM.moD5zreAKoBACO7fvpa6O68A.Ap3y450EctfDe,ROLE_MEMBER,010-3014-6107,0
300,2022-08-20 13:34:00,,N,tfollis8b@webeden.co.uk,,pmichelin8b,서운한 호랑이,$2a$10$eC4J8YdNWFSBJM.moD5zreAKoBACO7fvpa6O68A.Ap3y450EctfDe,ROLE_MEMBER,010-3242-5619,0
301,2022-06-13 08:35:00,,N,fnorres8c@rakuten.co.jp,,grizzetti8c,이쁜 사자,$2a$10$eC4J8YdNWFSBJM.moD5zreAKoBACO7fvpa6O68A.Ap3y450EctfDe,ROLE_MEMBER,010-5250-1704,0
302,2022-02-23 05:12:00,,N,mprisley8d@hao123.com,,cfrascone8d,자유로운 악어,$2a$10$eC4J8YdNWFSBJM.moD5zreAKoBACO7fvpa6O68A.Ap3y450EctfDe,ROLE_MEMBER,010-9961-8724,0
303,2023-02-05 10:54:00,,N,edaine8e@gov.uk,,ccrennan8e,배부른 곰,$2a$10$eC4J8YdNWFSBJM.moD5zreAKoBACO7fvpa6O68A.Ap3y450EctfDe,ROLE_MEMBER,010-5077-6458,0
304,2022-04-24 14:49:00,,N,mitscovitz8f@cdc.gov,,ayakebovich8f,두려운 참새,$2a$10$eC4J8YdNWFSBJM.moD5zreAKoBACO7fvpa6O68A.Ap3y450EctfDe,ROLE_MEMBER,010-4714-7323,0
305,2022-08-07 10:15:00,,N,lshepherdson8g@bravesites.com,,mpannaman8g,잘생긴 강아지,$2a$10$eC4J8YdNWFSBJM.moD5zreAKoBACO7fvpa6O68A.Ap3y450EctfDe,ROLE_MEMBER,010-4439-2455,0
306,2022-04-04 20:15:00,,N,ehardwicke8h@statcounter.com,,fpenkman8h,열받은 앵무새,$2a$10$eC4J8YdNWFSBJM.moD5zreAKoBACO7fvpa6O68A.Ap3y450EctfDe,ROLE_MEMBER,010-3082-3709,0
307,2022-07-03 18:05:00,,N,ddable8i@kickstarter.com,,lmcgaugie8i,수줍은 늑대,$2a$10$eC4J8YdNWFSBJM.moD5zreAKoBACO7fvpa6O68A.Ap3y450EctfDe,ROLE_MEMBER,010-1986-9403,0
308,2023-01-15 08:31:00,,N,smattheeuw8j@slideshare.net,,bdinneen8j,열받은 너구리,$2a$10$eC4J8YdNWFSBJM.moD5zreAKoBACO7fvpa6O68A.Ap3y450EctfDe,ROLE_MEMBER,010-1792-4623,0
309,2022-12-30 12:57:00,,N,ttumelty8k@adobe.com,,lritelli8k,자유로운 고양이,$2a$10$eC4J8YdNWFSBJM.moD5zreAKoBACO7fvpa6O68A.Ap3y450EctfDe,ROLE_MEMBER,010-8944-9774,0
310,2022-11-11 04:15:00,,N,jdurrant8l@tinyurl.com,,upennings8l,이쁜 사자,$2a$10$eC4J8YdNWFSBJM.moD5zreAKoBACO7fvpa6O68A.Ap3y450EctfDe,ROLE_MEMBER,010-4136-3082,0
311,2022-08-18 21:52:00,,N,ppargiter8m@w3.org,,dfendlow8m,창피한 참새,$2a$10$eC4J8YdNWFSBJM.moD5zreAKoBACO7fvpa6O68A.Ap3y450EctfDe,ROLE_MEMBER,010-6777-9830,0
312,2022-09-14 02:05:00,,N,cmcskin8n@amazon.co.jp,,mtampen8n,울적한 사자,$2a$10$eC4J8YdNWFSBJM.moD5zreAKoBACO7fvpa6O68A.Ap3y450EctfDe,ROLE_MEMBER,010-7307-0413,0
313,2023-01-07 13:48:00,,N,mtrownson8o@bloomberg.com,,jadds8o,심심한 침팬치,$2a$10$eC4J8YdNWFSBJM.moD5zreAKoBACO7fvpa6O68A.Ap3y450EctfDe,ROLE_MEMBER,010-6140-3606,0
314,2022-12-15 12:17:00,,N,gfowlestone8p@indiatimes.com,,msouthwood8p,창피한 고양이,$2a$10$eC4J8YdNWFSBJM.moD5zreAKoBACO7fvpa6O68A.Ap3y450EctfDe,ROLE_MEMBER,010-6785-2717,0
315,2022-12-11 14:10:00,,N,cmacard8q@tuttocitta.it,,mbarwood8q,긴장되는 원숭이,$2a$10$eC4J8YdNWFSBJM.moD5zreAKoBACO7fvpa6O68A.Ap3y450EctfDe,ROLE_MEMBER,010-4802-7359,0
316,2022-04-13 11:05:00,,N,fmeechan8r@live.com,,atschursch8r,상쾌한 기린,$2a$10$eC4J8YdNWFSBJM.moD5zreAKoBACO7fvpa6O68A.Ap3y450EctfDe,ROLE_MEMBER,010-6648-1734,0
317,2022-04-17 10:31:00,,N,jpozzo8s@delicious.com,,hbryett8s,짜릿한 고슴도치,$2a$10$eC4J8YdNWFSBJM.moD5zreAKoBACO7fvpa6O68A.Ap3y450EctfDe,ROLE_MEMBER,010-7768-3691,0
318,2022-11-24 03:35:00,,N,mheelis8t@umn.edu,,igentner8t,열받은 악어,$2a$10$eC4J8YdNWFSBJM.moD5zreAKoBACO7fvpa6O68A.Ap3y450EctfDe,ROLE_MEMBER,010-5622-6968,0
319,2022-04-15 09:02:00,,N,tmalcolm8u@blogger.com,,bsiebert8u,잘생긴 악어,$2a$10$eC4J8YdNWFSBJM.moD5zreAKoBACO7fvpa6O68A.Ap3y450EctfDe,ROLE_MEMBER,010-2292-1344,0
320,2022-09-15 05:17:00,,N,lspinelli8v@blog.com,,iluna8v,배부른 판다,$2a$10$eC4J8YdNWFSBJM.moD5zreAKoBACO7fvpa6O68A.Ap3y450EctfDe,ROLE_MEMBER,010-0009-9454,0
321,2023-01-10 20:17:00,,N,mknightsbridge8w@sogou.com,,msworne8w,수줍은 사자,$2a$10$eC4J8YdNWFSBJM.moD5zreAKoBACO7fvpa6O68A.Ap3y450EctfDe,ROLE_MEMBER,010-3249-7389,0
322,2022-08-27 03:32:00,,N,alackmann8x@1und1.de,,kvanderstraaten8x,비참한 치타,$2a$10$eC4J8YdNWFSBJM.moD5zreAKoBACO7fvpa6O68A.Ap3y450EctfDe,ROLE_MEMBER,010-4124-2893,0
323,2023-01-21 12:05:00,,N,ddolman8y@etsy.com,,agrint8y,두려운 돼지,$2a$10$eC4J8YdNWFSBJM.moD5zreAKoBACO7fvpa6O68A.Ap3y450EctfDe,ROLE_MEMBER,010-9059-2285,0
324,2023-01-15 11:11:00,,N,msaiz8z@ebay.co.uk,,lroseveare8z,그리운 침팬치,$2a$10$eC4J8YdNWFSBJM.moD5zreAKoBACO7fvpa6O68A.Ap3y450EctfDe,ROLE_MEMBER,010-8170-4487,0
325,2022-03-24 04:14:00,,N,rollerhead90@ucoz.com,,mmularkey90,긴장되는 고릴라,$2a$10$eC4J8YdNWFSBJM.moD5zreAKoBACO7fvpa6O68A.Ap3y450EctfDe,ROLE_MEMBER,010-3778-3961,0
326,2022-08-23 16:55:00,,N,gogle91@hugedomains.com,,lfrodsham91,비참한 호랑이,$2a$10$eC4J8YdNWFSBJM.moD5zreAKoBACO7fvpa6O68A.Ap3y450EctfDe,ROLE_MEMBER,010-9120-7857,0
327,2022-07-02 21:27:00,,N,eshea92@chronoengine.com,,ccancellieri92,그리운 판다,$2a$10$eC4J8YdNWFSBJM.moD5zreAKoBACO7fvpa6O68A.Ap3y450EctfDe,ROLE_MEMBER,010-3187-1001,0
328,2022-10-11 03:58:00,,N,jlilbourne93@google.co.uk,,cmuspratt93,비참한 고슴도치,$2a$10$eC4J8YdNWFSBJM.moD5zreAKoBACO7fvpa6O68A.Ap3y450EctfDe,ROLE_MEMBER,010-7993-1133,0
329,2022-06-25 05:45:00,,N,rgodsell94@360.cn,,grimes94,신바람나는 원숭이,$2a$10$eC4J8YdNWFSBJM.moD5zreAKoBACO7fvpa6O68A.Ap3y450EctfDe,ROLE_MEMBER,010-8951-4352,0
330,2022-06-12 13:22:00,,N,oprangle95@cdc.gov,,ppaddick95,이쁜 판다,$2a$10$eC4J8YdNWFSBJM.moD5zreAKoBACO7fvpa6O68A.Ap3y450EctfDe,ROLE_MEMBER,010-0220-6634,0
331,2022-09-26 04:08:00,,N,ncamili96@drupal.org,,ntosney96,자유로운 얼룩말,$2a$10$eC4J8YdNWFSBJM.moD5zreAKoBACO7fvpa6O68A.Ap3y450EctfDe,ROLE_MEMBER,010-8359-5689,0
332,2022-11-27 22:52:00,,N,pbrou97@cnbc.com,,fberzin97,신바람나는 고슴도치,$2a$10$eC4J8YdNWFSBJM.moD5zreAKoBACO7fvpa6O68A.Ap3y450EctfDe,ROLE_MEMBER,010-0940-4254,0
333,2022-02-20 05:06:00,,N,dleipnik98@upenn.edu,,mjindracek98,잘생긴 기린,$2a$10$eC4J8YdNWFSBJM.moD5zreAKoBACO7fvpa6O68A.Ap3y450EctfDe,ROLE_MEMBER,010-8505-1433,0
334,2022-10-26 15:23:00,,N,ffaichnie99@oakley.com,,adaniely99,창피한 염소,$2a$10$eC4J8YdNWFSBJM.moD5zreAKoBACO7fvpa6O68A.Ap3y450EctfDe,ROLE_MEMBER,010-0103-8295,0
335,2022-07-16 13:52:00,,N,vdallaghan9a@redcross.org,,dpauley9a,멋있는 고슴도치,$2a$10$eC4J8YdNWFSBJM.moD5zreAKoBACO7fvpa6O68A.Ap3y450EctfDe,ROLE_MEMBER,010-7805-5301,0
336,2022-10-16 07:57:00,,N,cshalcras9b@jugem.jp,,ningliby9b,수줍은 고슴도치,$2a$10$eC4J8YdNWFSBJM.moD5zreAKoBACO7fvpa6O68A.Ap3y450EctfDe,ROLE_MEMBER,010-1175-9904,0
337,2022-12-18 02:16:00,,N,sjellman9c@facebook.com,,zsuffe9c,당당한 돼지,$2a$10$eC4J8YdNWFSBJM.moD5zreAKoBACO7fvpa6O68A.Ap3y450EctfDe,ROLE_MEMBER,010-7676-6424,0
338,2022-07-20 11:32:00,,N,aerskinesandys9d@yellowbook.com,,myosselevitch9d,비참한 판다,$2a$10$eC4J8YdNWFSBJM.moD5zreAKoBACO7fvpa6O68A.Ap3y450EctfDe,ROLE_MEMBER,010-0447-6431,0
339,2022-11-27 15:01:00,,N,cpaulig9e@hud.gov,,adickey9e,수줍은 고릴라,$2a$10$eC4J8YdNWFSBJM.moD5zreAKoBACO7fvpa6O68A.Ap3y450EctfDe,ROLE_MEMBER,010-3692-7491,0
340,2022-11-24 14:10:00,,N,sscurrah9f@pbs.org,,btry9f,짜릿한 여우,$2a$10$eC4J8YdNWFSBJM.moD5zreAKoBACO7fvpa6O68A.Ap3y450EctfDe,ROLE_MEMBER,010-1381-0272,0
341,2022-11-27 18:39:00,,N,asayers9g@unblog.fr,,apantling9g,자유로운 기린,$2a$10$eC4J8YdNWFSBJM.moD5zreAKoBACO7fvpa6O68A.Ap3y450EctfDe,ROLE_MEMBER,010-1013-0465,0
342,2022-02-19 08:54:00,,N,dacutt9h@psu.edu,,mbowcock9h,기분좋은 하이에나,$2a$10$eC4J8YdNWFSBJM.moD5zreAKoBACO7fvpa6O68A.Ap3y450EctfDe,ROLE_MEMBER,010-0962-7898,0
343,2023-01-06 09:13:00,,N,ghenricsson9i@dion.ne.jp,,pbrazelton9i,그리운 침팬치,$2a$10$eC4J8YdNWFSBJM.moD5zreAKoBACO7fvpa6O68A.Ap3y450EctfDe,ROLE_MEMBER,010-1098-7118,0
344,2022-04-04 10:47:00,,N,dsomerled9j@shutterfly.com,,jpostill9j,수줍은 고릴라,$2a$10$eC4J8YdNWFSBJM.moD5zreAKoBACO7fvpa6O68A.Ap3y450EctfDe,ROLE_MEMBER,010-8278-8685,0
345,2022-07-11 08:39:00,,N,dfender9k@blinklist.com,,kcommander9k,긴장되는 강아지,$2a$10$eC4J8YdNWFSBJM.moD5zreAKoBACO7fvpa6O68A.Ap3y450EctfDe,ROLE_MEMBER,010-9319-0328,0
346,2022-07-01 22:28:00,,N,mbaglin9l@vimeo.com,,tcoskerry9l,비참한 수달,$2a$10$eC4J8YdNWFSBJM.moD5zreAKoBACO7fvpa6O68A.Ap3y450EctfDe,ROLE_MEMBER,010-3963-9631,0
347,2022-03-24 10:48:00,,N,myarrall9m@apache.org,,mgregolin9m,잘생긴 침팬치,$2a$10$eC4J8YdNWFSBJM.moD5zreAKoBACO7fvpa6O68A.Ap3y450EctfDe,ROLE_MEMBER,010-1667-0706,0
348,2022-03-09 06:51:00,,N,jcraney9n@npr.org,,cblakiston9n,자유로운 돼지,$2a$10$eC4J8YdNWFSBJM.moD5zreAKoBACO7fvpa6O68A.Ap3y450EctfDe,ROLE_MEMBER,010-5440-4842,0
349,2022-03-07 06:14:00,,N,kyeandel9o@buzzfeed.com,,lgoodban9o,자유로운 앵무새,$2a$10$eC4J8YdNWFSBJM.moD5zreAKoBACO7fvpa6O68A.Ap3y450EctfDe,ROLE_MEMBER,010-1747-6252,0
350,2022-03-14 08:17:00,,N,pvenneur9p@microsoft.com,,ghowerd9p,두려운 곰,$2a$10$eC4J8YdNWFSBJM.moD5zreAKoBACO7fvpa6O68A.Ap3y450EctfDe,ROLE_MEMBER,010-7879-3647,0
351,2022-08-03 21:38:00,,N,dmccully9q@sina.com.cn,,rrugge9q,긴장되는 악어,$2a$10$eC4J8YdNWFSBJM.moD5zreAKoBACO7fvpa6O68A.Ap3y450EctfDe,ROLE_MEMBER,010-4142-4704,0
352,2022-09-08 13:58:00,,N,bmapplethorpe9r@flickr.com,,cdhooge9r,배부른 고양이,$2a$10$eC4J8YdNWFSBJM.moD5zreAKoBACO7fvpa6O68A.Ap3y450EctfDe,ROLE_MEMBER,010-0843-5237,0
353,2022-06-24 10:44:00,,N,lbernardinelli9s@wired.com,,rhixley9s,열받은 여우,$2a$10$eC4J8YdNWFSBJM.moD5zreAKoBACO7fvpa6O68A.Ap3y450EctfDe,ROLE_MEMBER,010-8207-1653,0
354,2022-12-01 11:58:00,,N,zbreckenridge9t@aboutads.info,,efox9t,서운한 호랑이,$2a$10$eC4J8YdNWFSBJM.moD5zreAKoBACO7fvpa6O68A.Ap3y450EctfDe,ROLE_MEMBER,010-6135-8562,0
355,2023-01-30 04:42:00,,N,gmcmeanma9u@webnode.com,,gkimmins9u,상쾌한 악어,$2a$10$eC4J8YdNWFSBJM.moD5zreAKoBACO7fvpa6O68A.Ap3y450EctfDe,ROLE_MEMBER,010-4314-2434,0
356,2022-05-13 03:35:00,,N,plinebarger9v@arizona.edu,,cbendik9v,울적한 하이에나,$2a$10$eC4J8YdNWFSBJM.moD5zreAKoBACO7fvpa6O68A.Ap3y450EctfDe,ROLE_MEMBER,010-3480-3698,0
357,2022-04-19 07:02:00,,N,mbellie9w@fastcompany.com,,jcashmore9w,자유로운 침팬치,$2a$10$eC4J8YdNWFSBJM.moD5zreAKoBACO7fvpa6O68A.Ap3y450EctfDe,ROLE_MEMBER,010-6944-9260,0
358,2022-03-18 09:12:00,,N,rninotti9x@hatena.ne.jp,,lgilbank9x,신바람나는 늑대,$2a$10$eC4J8YdNWFSBJM.moD5zreAKoBACO7fvpa6O68A.Ap3y450EctfDe,ROLE_MEMBER,010-2039-1556,0
359,2022-12-19 04:51:00,,N,oroze9y@indiegogo.com,,ogodehardsf9y,두려운 미어캣,$2a$10$eC4J8YdNWFSBJM.moD5zreAKoBACO7fvpa6O68A.Ap3y450EctfDe,ROLE_MEMBER,010-7867-9047,0
360,2022-10-25 15:29:00,,N,dhearne9z@boston.com,,cswinden9z,짜릿한 앵무새,$2a$10$eC4J8YdNWFSBJM.moD5zreAKoBACO7fvpa6O68A.Ap3y450EctfDe,ROLE_MEMBER,010-0660-9808,0
361,2022-02-22 01:15:00,,N,valgera0@reddit.com,,mbirdalla0,신바람나는 얼룩말,$2a$10$eC4J8YdNWFSBJM.moD5zreAKoBACO7fvpa6O68A.Ap3y450EctfDe,ROLE_MEMBER,010-5518-5217,0
362,2023-01-25 17:48:00,,N,dcrouteara1@posterous.com,,ngartsydea1,서운한 늑대,$2a$10$eC4J8YdNWFSBJM.moD5zreAKoBACO7fvpa6O68A.Ap3y450EctfDe,ROLE_MEMBER,010-9876-6290,0
363,2022-07-20 20:20:00,,N,bmaccafferkya2@about.me,,cgermanna2,비참한 코끼리,$2a$10$eC4J8YdNWFSBJM.moD5zreAKoBACO7fvpa6O68A.Ap3y450EctfDe,ROLE_MEMBER,010-6812-6496,0
364,2022-12-29 09:54:00,,N,ppessolta3@cmu.edu,,jblundana3,기분나쁜 판다,$2a$10$eC4J8YdNWFSBJM.moD5zreAKoBACO7fvpa6O68A.Ap3y450EctfDe,ROLE_MEMBER,010-4012-2658,0
365,2022-04-01 18:08:00,,N,mwanella4@zdnet.com,,sdunnetta4,위축되는 거북이,$2a$10$eC4J8YdNWFSBJM.moD5zreAKoBACO7fvpa6O68A.Ap3y450EctfDe,ROLE_MEMBER,010-2888-6837,0
366,2022-08-08 11:05:00,,N,irewa5@surveymonkey.com,,nmatthissona5,서운한 거북이,$2a$10$eC4J8YdNWFSBJM.moD5zreAKoBACO7fvpa6O68A.Ap3y450EctfDe,ROLE_MEMBER,010-6748-8343,0
367,2022-04-04 18:38:00,,N,mdevanneya6@cmu.edu,,aanniwella6,멋있는 다람쥐,$2a$10$eC4J8YdNWFSBJM.moD5zreAKoBACO7fvpa6O68A.Ap3y450EctfDe,ROLE_MEMBER,010-8637-4068,0
368,2022-12-13 11:21:00,,N,obrasiera7@taobao.com,,hcroslanda7,심심한 침팬치,$2a$10$eC4J8YdNWFSBJM.moD5zreAKoBACO7fvpa6O68A.Ap3y450EctfDe,ROLE_MEMBER,010-0299-4204,0
369,2022-03-06 14:03:00,,N,pfardya8@fotki.com,,rbelitza8,기분나쁜 염소,$2a$10$eC4J8YdNWFSBJM.moD5zreAKoBACO7fvpa6O68A.Ap3y450EctfDe,ROLE_MEMBER,010-3017-1910,0
370,2022-08-19 07:31:00,,N,tbasekea9@dot.gov,,pdouglassa9,자유로운 하이에나,$2a$10$eC4J8YdNWFSBJM.moD5zreAKoBACO7fvpa6O68A.Ap3y450EctfDe,ROLE_MEMBER,010-7726-1827,0
371,2022-09-28 04:14:00,,N,swikeyaa@senate.gov,,ebenadetteaa,이쁜 고양이,$2a$10$eC4J8YdNWFSBJM.moD5zreAKoBACO7fvpa6O68A.Ap3y450EctfDe,ROLE_MEMBER,010-4630-4253,0
372,2022-12-12 14:21:00,,N,ksteensonab@jigsy.com,,svynollab,그리운 악어,$2a$10$eC4J8YdNWFSBJM.moD5zreAKoBACO7fvpa6O68A.Ap3y450EctfDe,ROLE_MEMBER,010-0097-8579,0
373,2022-04-22 15:05:00,,N,sdormanac@multiply.com,,galentyevac,배부른 사자,$2a$10$eC4J8YdNWFSBJM.moD5zreAKoBACO7fvpa6O68A.Ap3y450EctfDe,ROLE_MEMBER,010-7905-6967,0
374,2022-05-02 19:31:00,,N,tdefrancisciad@liveinternet.ru,,pleitchad,배부른 돼지,$2a$10$eC4J8YdNWFSBJM.moD5zreAKoBACO7fvpa6O68A.Ap3y450EctfDe,ROLE_MEMBER,010-3630-5131,0
375,2022-07-10 20:42:00,,N,starbertae@cnn.com,,beliaae,상쾌한 침팬치,$2a$10$eC4J8YdNWFSBJM.moD5zreAKoBACO7fvpa6O68A.Ap3y450EctfDe,ROLE_MEMBER,010-2675-9676,0
376,2022-06-09 10:12:00,,N,gdreveraf@furl.net,,msteinaf,자유로운 얼룩말,$2a$10$eC4J8YdNWFSBJM.moD5zreAKoBACO7fvpa6O68A.Ap3y450EctfDe,ROLE_MEMBER,010-1726-6526,0
377,2022-12-19 12:14:00,,N,criddioughag@merriam-webster.com,,dskyppag,수줍은 수달,$2a$10$eC4J8YdNWFSBJM.moD5zreAKoBACO7fvpa6O68A.Ap3y450EctfDe,ROLE_MEMBER,010-3896-6626,0
378,2022-03-03 15:00:00,,N,ecowlasah@hp.com,,mcolebrookah,배부른 얼룩말,$2a$10$eC4J8YdNWFSBJM.moD5zreAKoBACO7fvpa6O68A.Ap3y450EctfDe,ROLE_MEMBER,010-3442-3364,0
379,2022-06-13 15:38:00,,N,eferryai@1und1.de,,rbogeysai,창피한 고양이,$2a$10$eC4J8YdNWFSBJM.moD5zreAKoBACO7fvpa6O68A.Ap3y450EctfDe,ROLE_MEMBER,010-3672-8731,0
380,2022-07-13 18:48:00,,N,cbuesdenaj@hhs.gov,,vjanasaj,멋있는 고슴도치,$2a$10$eC4J8YdNWFSBJM.moD5zreAKoBACO7fvpa6O68A.Ap3y450EctfDe,ROLE_MEMBER,010-7086-5804,0
381,2022-09-12 04:26:00,,N,astrangwardak@example.com,,rcowderoyak,기분좋은 돼지,$2a$10$eC4J8YdNWFSBJM.moD5zreAKoBACO7fvpa6O68A.Ap3y450EctfDe,ROLE_MEMBER,010-9540-1765,0
382,2022-05-12 23:27:00,,N,jsowrayal@example.com,,vfashamal,상쾌한 수달,$2a$10$eC4J8YdNWFSBJM.moD5zreAKoBACO7fvpa6O68A.Ap3y450EctfDe,ROLE_MEMBER,010-8060-8196,0
383,2022-05-15 07:22:00,,N,ggoodrickam@dmoz.org,,blambellam,상쾌한 악어,$2a$10$eC4J8YdNWFSBJM.moD5zreAKoBACO7fvpa6O68A.Ap3y450EctfDe,ROLE_MEMBER,010-0573-9183,0
384,2022-10-26 03:42:00,,N,jmcgoonan@utexas.edu,,dpoteran,그리운 하이에나,$2a$10$eC4J8YdNWFSBJM.moD5zreAKoBACO7fvpa6O68A.Ap3y450EctfDe,ROLE_MEMBER,010-6325-2734,0
385,2022-03-19 17:28:00,,N,kseegarao@geocities.com,,skellockao,신바람나는 고양이,$2a$10$eC4J8YdNWFSBJM.moD5zreAKoBACO7fvpa6O68A.Ap3y450EctfDe,ROLE_MEMBER,010-3082-0891,0
386,2022-05-11 20:49:00,,N,wscotchmurap@smh.com.au,,pmacgormanap,자유로운 앵무새,$2a$10$eC4J8YdNWFSBJM.moD5zreAKoBACO7fvpa6O68A.Ap3y450EctfDe,ROLE_MEMBER,010-5509-0215,0
387,2022-12-06 14:40:00,,N,tcooksleyaq@pbs.org,,swindrumaq,이쁜 호랑이,$2a$10$eC4J8YdNWFSBJM.moD5zreAKoBACO7fvpa6O68A.Ap3y450EctfDe,ROLE_MEMBER,010-6246-4003,0
388,2022-09-08 23:57:00,,N,ehendrickar@mozilla.org,,afairbanksar,멋있는 코끼리,$2a$10$eC4J8YdNWFSBJM.moD5zreAKoBACO7fvpa6O68A.Ap3y450EctfDe,ROLE_MEMBER,010-6091-0496,0
389,2023-01-02 21:09:00,,N,eweatherillas@elegantthemes.com,,kridouttas,자유로운 원숭이,$2a$10$eC4J8YdNWFSBJM.moD5zreAKoBACO7fvpa6O68A.Ap3y450EctfDe,ROLE_MEMBER,010-3566-6560,0
390,2022-08-08 09:49:00,,N,psaggsat@weather.com,,adalgarnoat,창피한 하마,$2a$10$eC4J8YdNWFSBJM.moD5zreAKoBACO7fvpa6O68A.Ap3y450EctfDe,ROLE_MEMBER,010-9595-8284,0
391,2022-08-13 12:10:00,,N,mmaystonau@mysql.com,,fshiersau,수줍은 판다,$2a$10$eC4J8YdNWFSBJM.moD5zreAKoBACO7fvpa6O68A.Ap3y450EctfDe,ROLE_MEMBER,010-7490-7525,0
392,2022-04-16 05:55:00,,N,bluxfordav@europa.eu,,cpeachmanav,수줍은 침팬치,$2a$10$eC4J8YdNWFSBJM.moD5zreAKoBACO7fvpa6O68A.Ap3y450EctfDe,ROLE_MEMBER,010-8417-5071,0
393,2022-11-30 07:45:00,,N,mpentercostaw@list-manage.com,,ngledhillaw,울적한 거북이,$2a$10$eC4J8YdNWFSBJM.moD5zreAKoBACO7fvpa6O68A.Ap3y450EctfDe,ROLE_MEMBER,010-7538-7776,0
394,2023-02-01 04:37:00,,N,cgarbottax@chicagotribune.com,,bferraiax,심심한 사자,$2a$10$eC4J8YdNWFSBJM.moD5zreAKoBACO7fvpa6O68A.Ap3y450EctfDe,ROLE_MEMBER,010-9781-3635,0
395,2023-01-31 19:32:00,,N,ttaskeray@huffingtonpost.com,,fwissbyay,짜릿한 토끼,$2a$10$eC4J8YdNWFSBJM.moD5zreAKoBACO7fvpa6O68A.Ap3y450EctfDe,ROLE_MEMBER,010-7104-6281,0
396,2022-09-26 12:59:00,,N,tdeshortsaz@mozilla.com,,rartinaz,울적한 판다,$2a$10$eC4J8YdNWFSBJM.moD5zreAKoBACO7fvpa6O68A.Ap3y450EctfDe,ROLE_MEMBER,010-8755-4597,0
397,2022-09-04 23:53:00,,N,acarrackb0@opensource.org,,sblaydb0,짜릿한 물소,$2a$10$eC4J8YdNWFSBJM.moD5zreAKoBACO7fvpa6O68A.Ap3y450EctfDe,ROLE_MEMBER,010-1818-7750,0
398,2022-03-07 05:56:00,,N,ajinksb1@indiegogo.com,,cvilesb1,비참한 판다,$2a$10$eC4J8YdNWFSBJM.moD5zreAKoBACO7fvpa6O68A.Ap3y450EctfDe,ROLE_MEMBER,010-0249-7509,0
399,2022-10-12 14:17:00,,N,sscowcraftb2@sun.com,,smeashamb2,이쁜 기린,$2a$10$eC4J8YdNWFSBJM.moD5zreAKoBACO7fvpa6O68A.Ap3y450EctfDe,ROLE_MEMBER,010-8023-8726,0
400,2022-07-25 03:38:00,,N,mgiacobellib3@blogtalkradio.com,,cbainsb3,수줍은 물소,$2a$10$eC4J8YdNWFSBJM.moD5zreAKoBACO7fvpa6O68A.Ap3y450EctfDe,ROLE_MEMBER,010-4051-2048,0
401,2022-12-07 18:02:00,,N,jclawb4@answers.com,,sstoutherb4,위축되는 토끼,$2a$10$eC4J8YdNWFSBJM.moD5zreAKoBACO7fvpa6O68A.Ap3y450EctfDe,ROLE_MEMBER,010-9933-6851,0
402,2022-03-15 13:59:00,,N,dalbinsonb5@pcworld.com,,slaughnanb5,열받은 너구리,$2a$10$eC4J8YdNWFSBJM.moD5zreAKoBACO7fvpa6O68A.Ap3y450EctfDe,ROLE_MEMBER,010-9750-7531,0
403,2022-11-27 04:04:00,,N,sstoateb6@indiegogo.com,,gscutchingb6,수줍은 곰,$2a$10$eC4J8YdNWFSBJM.moD5zreAKoBACO7fvpa6O68A.Ap3y450EctfDe,ROLE_MEMBER,010-3850-4833,0
404,2022-12-30 01:49:00,,N,rgainsfordb7@nih.gov,,dcouroyb7,멋있는 악어,$2a$10$eC4J8YdNWFSBJM.moD5zreAKoBACO7fvpa6O68A.Ap3y450EctfDe,ROLE_MEMBER,010-2157-6137,0
405,2022-12-13 23:31:00,,N,bgammackb8@forbes.com,,ygrimblebyb8,두려운 고슴도치,$2a$10$eC4J8YdNWFSBJM.moD5zreAKoBACO7fvpa6O68A.Ap3y450EctfDe,ROLE_MEMBER,010-8090-4009,0
406,2022-12-21 04:54:00,,N,apeggramb9@hexun.com,,tfrancklinb9,열받은 여우,$2a$10$eC4J8YdNWFSBJM.moD5zreAKoBACO7fvpa6O68A.Ap3y450EctfDe,ROLE_MEMBER,010-2444-4085,0
407,2022-07-14 06:32:00,,N,rgathercoleba@bloglines.com,,jmaydwellba,창피한 악어,$2a$10$eC4J8YdNWFSBJM.moD5zreAKoBACO7fvpa6O68A.Ap3y450EctfDe,ROLE_MEMBER,010-2202-3009,0
408,2023-01-18 00:43:00,,N,fgianasibb@weibo.com,,tbrimsonbb,창피한 코끼리,$2a$10$eC4J8YdNWFSBJM.moD5zreAKoBACO7fvpa6O68A.Ap3y450EctfDe,ROLE_MEMBER,010-0662-7821,0
409,2022-03-03 03:44:00,,N,ndanksbc@si.edu,,wteeneybc,기분좋은 기린,$2a$10$eC4J8YdNWFSBJM.moD5zreAKoBACO7fvpa6O68A.Ap3y450EctfDe,ROLE_MEMBER,010-7604-7645,0
410,2023-02-05 12:55:00,,N,ematitiahobd@friendfeed.com,,amanuelibd,당당한 원숭이,$2a$10$eC4J8YdNWFSBJM.moD5zreAKoBACO7fvpa6O68A.Ap3y450EctfDe,ROLE_MEMBER,010-4733-4353,0
411,2022-11-06 10:55:00,,N,creiglarbe@epa.gov,,gbaskwellbe,상쾌한 기린,$2a$10$eC4J8YdNWFSBJM.moD5zreAKoBACO7fvpa6O68A.Ap3y450EctfDe,ROLE_MEMBER,010-5152-1429,0
412,2022-10-25 10:52:00,,N,bhawkswoodbf@bloglovin.com,,fbenoitbf,서운한 호랑이,$2a$10$eC4J8YdNWFSBJM.moD5zreAKoBACO7fvpa6O68A.Ap3y450EctfDe,ROLE_MEMBER,010-6046-6465,0
413,2022-04-20 14:23:00,,N,pjusterbg@prnewswire.com,,gmaffeybg,두려운 염소,$2a$10$eC4J8YdNWFSBJM.moD5zreAKoBACO7fvpa6O68A.Ap3y450EctfDe,ROLE_MEMBER,010-4537-5455,0
414,2022-07-17 16:03:00,,N,mkerrodbh@soundcloud.com,,ahinkensenbh,기분좋은 기린,$2a$10$eC4J8YdNWFSBJM.moD5zreAKoBACO7fvpa6O68A.Ap3y450EctfDe,ROLE_MEMBER,010-5042-4604,0
415,2022-05-22 14:16:00,,N,cscrannybi@yolasite.com,,sdowseybi,긴장되는 고릴라,$2a$10$eC4J8YdNWFSBJM.moD5zreAKoBACO7fvpa6O68A.Ap3y450EctfDe,ROLE_MEMBER,010-9755-0016,0
416,2022-03-31 06:17:00,,N,bguerrieribj@usa.gov,,eabramamovhbj,배부른 토끼,$2a$10$eC4J8YdNWFSBJM.moD5zreAKoBACO7fvpa6O68A.Ap3y450EctfDe,ROLE_MEMBER,010-5567-7357,0
417,2022-02-15 00:51:00,,N,areediebk@biblegateway.com,,ewalickibk,열받은 하이에나,$2a$10$eC4J8YdNWFSBJM.moD5zreAKoBACO7fvpa6O68A.Ap3y450EctfDe,ROLE_MEMBER,010-9232-7915,0
418,2022-03-01 11:33:00,,N,asmedmorebl@sitemeter.com,,kstolbergbl,상쾌한 사자,$2a$10$eC4J8YdNWFSBJM.moD5zreAKoBACO7fvpa6O68A.Ap3y450EctfDe,ROLE_MEMBER,010-4467-9135,0
419,2022-11-29 22:52:00,,N,ecornillotbm@angelfire.com,,bbowringbm,위축되는 수달,$2a$10$eC4J8YdNWFSBJM.moD5zreAKoBACO7fvpa6O68A.Ap3y450EctfDe,ROLE_MEMBER,010-3338-1413,0
420,2022-06-06 13:26:00,,N,jchampkenbn@skype.com,,croswarnbn,열받은 고릴라,$2a$10$eC4J8YdNWFSBJM.moD5zreAKoBACO7fvpa6O68A.Ap3y450EctfDe,ROLE_MEMBER,010-2670-4746,0
421,2022-09-27 23:08:00,,N,prafebo@vistaprint.com,,rsygrovebo,심심한 여우,$2a$10$eC4J8YdNWFSBJM.moD5zreAKoBACO7fvpa6O68A.Ap3y450EctfDe,ROLE_MEMBER,010-2584-8830,0
422,2022-09-06 18:51:00,,N,anewburybp@hao123.com,,gcarrettbp,당당한 토끼,$2a$10$eC4J8YdNWFSBJM.moD5zreAKoBACO7fvpa6O68A.Ap3y450EctfDe,ROLE_MEMBER,010-2830-4879,0
423,2022-10-22 06:26:00,,N,gcayettebq@digg.com,,ctytcombbq,멋있는 곰,$2a$10$eC4J8YdNWFSBJM.moD5zreAKoBACO7fvpa6O68A.Ap3y450EctfDe,ROLE_MEMBER,010-0809-7365,0
424,2022-05-07 05:01:00,,N,cpauwelbr@dion.ne.jp,,candriessebr,기분나쁜 판다,$2a$10$eC4J8YdNWFSBJM.moD5zreAKoBACO7fvpa6O68A.Ap3y450EctfDe,ROLE_MEMBER,010-4844-6666,0
425,2022-10-17 21:12:00,,N,ehellyarbs@buzzfeed.com,,agiorgionibs,수줍은 참새,$2a$10$eC4J8YdNWFSBJM.moD5zreAKoBACO7fvpa6O68A.Ap3y450EctfDe,ROLE_MEMBER,010-7658-5145,0
426,2022-03-29 10:26:00,,N,rjugginsbt@dion.ne.jp,,gemettbt,그리운 토끼,$2a$10$eC4J8YdNWFSBJM.moD5zreAKoBACO7fvpa6O68A.Ap3y450EctfDe,ROLE_MEMBER,010-8355-3554,0
427,2022-09-18 15:03:00,,N,esimmenbu@wp.com,,mpeytonbu,짜릿한 하이에나,$2a$10$eC4J8YdNWFSBJM.moD5zreAKoBACO7fvpa6O68A.Ap3y450EctfDe,ROLE_MEMBER,010-6505-7788,0
428,2022-05-13 08:39:00,,N,zpharaohbv@slate.com,,jwyettbv,멋있는 원숭이,$2a$10$eC4J8YdNWFSBJM.moD5zreAKoBACO7fvpa6O68A.Ap3y450EctfDe,ROLE_MEMBER,010-0908-8717,0
429,2022-04-08 07:46:00,,N,wcastletonbw@goo.ne.jp,,etotterdellbw,상쾌한 악어,$2a$10$eC4J8YdNWFSBJM.moD5zreAKoBACO7fvpa6O68A.Ap3y450EctfDe,ROLE_MEMBER,010-9479-3852,0
430,2022-09-04 18:55:00,,N,fdaytonbx@gizmodo.com,,mmityushkinbx,울적한 고슴도치,$2a$10$eC4J8YdNWFSBJM.moD5zreAKoBACO7fvpa6O68A.Ap3y450EctfDe,ROLE_MEMBER,010-7830-3305,0
431,2022-10-06 12:12:00,,N,cthomazetby@gnu.org,,akeithby,심심한 하마,$2a$10$eC4J8YdNWFSBJM.moD5zreAKoBACO7fvpa6O68A.Ap3y450EctfDe,ROLE_MEMBER,010-7534-5407,0
432,2022-10-26 21:11:00,,N,ngrisenthwaitebz@economist.com,,dhawbz,위축되는 곰,$2a$10$eC4J8YdNWFSBJM.moD5zreAKoBACO7fvpa6O68A.Ap3y450EctfDe,ROLE_MEMBER,010-0819-1459,0
433,2022-09-14 12:15:00,,N,nmeringtonc0@mac.com,,fprickettc0,자유로운 치타,$2a$10$eC4J8YdNWFSBJM.moD5zreAKoBACO7fvpa6O68A.Ap3y450EctfDe,ROLE_MEMBER,010-6830-1122,0
434,2023-01-29 12:20:00,,N,dcelandc1@indiegogo.com,,mpopplec1,위축되는 너구리,$2a$10$eC4J8YdNWFSBJM.moD5zreAKoBACO7fvpa6O68A.Ap3y450EctfDe,ROLE_MEMBER,010-4372-8858,0
435,2023-02-07 09:34:00,,N,ehugnotc2@paginegialle.it,,dbaberc2,위축되는 얼룩말,$2a$10$eC4J8YdNWFSBJM.moD5zreAKoBACO7fvpa6O68A.Ap3y450EctfDe,ROLE_MEMBER,010-4412-8373,0
436,2022-11-16 01:13:00,,N,bjowittc3@mit.edu,,hmcphillimeyc3,기분나쁜 거북이,$2a$10$eC4J8YdNWFSBJM.moD5zreAKoBACO7fvpa6O68A.Ap3y450EctfDe,ROLE_MEMBER,010-1598-9719,0
437,2022-03-07 23:18:00,,N,lphidginc4@twitpic.com,,kmutlowc4,비참한 고릴라,$2a$10$eC4J8YdNWFSBJM.moD5zreAKoBACO7fvpa6O68A.Ap3y450EctfDe,ROLE_MEMBER,010-8752-7148,0
438,2022-02-19 03:18:00,,N,ipydcockc5@squidoo.com,,gwoodsc5,열받은 너구리,$2a$10$eC4J8YdNWFSBJM.moD5zreAKoBACO7fvpa6O68A.Ap3y450EctfDe,ROLE_MEMBER,010-6419-1344,0
439,2022-10-12 20:23:00,,N,fdollardc6@simplemachines.org,,dstorrec6,수줍은 다람쥐,$2a$10$eC4J8YdNWFSBJM.moD5zreAKoBACO7fvpa6O68A.Ap3y450EctfDe,ROLE_MEMBER,010-9476-2187,0
440,2022-07-28 20:07:00,,N,bplenderleithc7@tiny.cc,,ggoodallc7,울적한 수달,$2a$10$eC4J8YdNWFSBJM.moD5zreAKoBACO7fvpa6O68A.Ap3y450EctfDe,ROLE_MEMBER,010-3769-0016,0
441,2022-03-24 14:03:00,,N,gvauxc8@dell.com,,mdrifec8,시끄러운 너구리,$2a$10$eC4J8YdNWFSBJM.moD5zreAKoBACO7fvpa6O68A.Ap3y450EctfDe,ROLE_MEMBER,010-7898-0138,0
442,2022-10-29 11:30:00,,N,cbrocklesbyc9@digg.com,,bflynnc9,긴장되는 거북이,$2a$10$eC4J8YdNWFSBJM.moD5zreAKoBACO7fvpa6O68A.Ap3y450EctfDe,ROLE_MEMBER,010-4824-3870,0
443,2022-12-01 21:28:00,,N,apoelca@nytimes.com,,amcilhattonca,배부른 원숭이,$2a$10$eC4J8YdNWFSBJM.moD5zreAKoBACO7fvpa6O68A.Ap3y450EctfDe,ROLE_MEMBER,010-8479-7029,0
444,2022-09-03 16:02:00,,N,kduffercb@earthlink.net,,pdeboocb,잘생긴 다람쥐,$2a$10$eC4J8YdNWFSBJM.moD5zreAKoBACO7fvpa6O68A.Ap3y450EctfDe,ROLE_MEMBER,010-9862-7147,0
445,2022-10-13 15:35:00,,N,pscaleracc@si.edu,,rminorcc,짜릿한 물소,$2a$10$eC4J8YdNWFSBJM.moD5zreAKoBACO7fvpa6O68A.Ap3y450EctfDe,ROLE_MEMBER,010-2636-6798,0
446,2022-04-06 18:44:00,,N,dcockrellcd@dropbox.com,,bagentcd,당당한 강아지,$2a$10$eC4J8YdNWFSBJM.moD5zreAKoBACO7fvpa6O68A.Ap3y450EctfDe,ROLE_MEMBER,010-6443-5593,0
447,2022-04-14 12:20:00,,N,ncrosfeldce@yahoo.co.jp,,dvanderweedenburgce,기분좋은 돼지,$2a$10$eC4J8YdNWFSBJM.moD5zreAKoBACO7fvpa6O68A.Ap3y450EctfDe,ROLE_MEMBER,010-8855-5968,0
448,2022-11-27 13:42:00,,N,erangeleycf@aol.com,,smucillocf,비참한 원숭이,$2a$10$eC4J8YdNWFSBJM.moD5zreAKoBACO7fvpa6O68A.Ap3y450EctfDe,ROLE_MEMBER,010-3000-5481,0
449,2023-01-24 12:53:00,,N,bbecksoncg@blogspot.com,,mventhamcg,두려운 염소,$2a$10$eC4J8YdNWFSBJM.moD5zreAKoBACO7fvpa6O68A.Ap3y450EctfDe,ROLE_MEMBER,010-1959-4582,0
450,2022-04-02 17:11:00,,N,rshreenanch@nsw.gov.au,,glingardch,자유로운 물소,$2a$10$eC4J8YdNWFSBJM.moD5zreAKoBACO7fvpa6O68A.Ap3y450EctfDe,ROLE_MEMBER,010-5859-3434,0
451,2022-12-18 14:42:00,,N,mlightenci@moonfruit.com,,nrennockci,심심한 침팬치,$2a$10$eC4J8YdNWFSBJM.moD5zreAKoBACO7fvpa6O68A.Ap3y450EctfDe,ROLE_MEMBER,010-7380-0790,0
452,2022-08-23 05:51:00,,N,rwallikercj@chronoengine.com,,memmscj,그리운 강아지,$2a$10$eC4J8YdNWFSBJM.moD5zreAKoBACO7fvpa6O68A.Ap3y450EctfDe,ROLE_MEMBER,010-6759-7921,0
453,2022-09-02 08:29:00,,N,ktottemck@flickr.com,,ttenmanck,멋있는 악어,$2a$10$eC4J8YdNWFSBJM.moD5zreAKoBACO7fvpa6O68A.Ap3y450EctfDe,ROLE_MEMBER,010-3762-5372,0
454,2022-09-28 15:23:00,,N,fburrascl@hc360.com,,mbougencl,배부른 얼룩말,$2a$10$eC4J8YdNWFSBJM.moD5zreAKoBACO7fvpa6O68A.Ap3y450EctfDe,ROLE_MEMBER,010-6344-3690,0
455,2022-04-28 00:49:00,,N,glaberncm@imageshack.us,,sbartacm,잘생긴 악어,$2a$10$eC4J8YdNWFSBJM.moD5zreAKoBACO7fvpa6O68A.Ap3y450EctfDe,ROLE_MEMBER,010-7169-2817,0
456,2022-08-16 08:06:00,,N,rmompessoncn@angelfire.com,,adittcn,기분좋은 앵무새,$2a$10$eC4J8YdNWFSBJM.moD5zreAKoBACO7fvpa6O68A.Ap3y450EctfDe,ROLE_MEMBER,010-9216-5074,0
457,2022-08-19 07:43:00,,N,lbuttco@topsy.com,,pleyesco,이쁜 원숭이,$2a$10$eC4J8YdNWFSBJM.moD5zreAKoBACO7fvpa6O68A.Ap3y450EctfDe,ROLE_MEMBER,010-1896-7837,0
458,2022-06-29 19:38:00,,N,dpadghamcp@ocn.ne.jp,,cstrelitzkicp,시끄러운 거북이,$2a$10$eC4J8YdNWFSBJM.moD5zreAKoBACO7fvpa6O68A.Ap3y450EctfDe,ROLE_MEMBER,010-1848-2832,0
459,2022-03-27 02:54:00,,N,tstavecq@wp.com,,pjurewiczcq,열받은 호랑이,$2a$10$eC4J8YdNWFSBJM.moD5zreAKoBACO7fvpa6O68A.Ap3y450EctfDe,ROLE_MEMBER,010-6242-4583,0
460,2022-05-08 05:16:00,,N,bblankmancr@hhs.gov,,ycalleycr,열받은 사자,$2a$10$eC4J8YdNWFSBJM.moD5zreAKoBACO7fvpa6O68A.Ap3y450EctfDe,ROLE_MEMBER,010-7753-1896,0
461,2023-01-21 01:48:00,,N,jbardaycs@github.com,,siffecs,비참한 원숭이,$2a$10$eC4J8YdNWFSBJM.moD5zreAKoBACO7fvpa6O68A.Ap3y450EctfDe,ROLE_MEMBER,010-2549-7942,0
462,2023-01-25 01:51:00,,N,jtowheyct@deviantart.com,,tmeesect,멋있는 강아지,$2a$10$eC4J8YdNWFSBJM.moD5zreAKoBACO7fvpa6O68A.Ap3y450EctfDe,ROLE_MEMBER,010-1568-8470,0
463,2022-07-26 14:22:00,,N,joleksinskicu@prlog.org,,bgiuroncu,이쁜 침팬치,$2a$10$eC4J8YdNWFSBJM.moD5zreAKoBACO7fvpa6O68A.Ap3y450EctfDe,ROLE_MEMBER,010-2941-4169,0
464,2022-04-10 06:45:00,,N,lmanachcv@flickr.com,,tjeanequincv,창피한 얼룩말,$2a$10$eC4J8YdNWFSBJM.moD5zreAKoBACO7fvpa6O68A.Ap3y450EctfDe,ROLE_MEMBER,010-3478-0791,0
465,2022-09-09 03:51:00,,N,bfulopcw@godaddy.com,,cbootecw,상쾌한 참새,$2a$10$eC4J8YdNWFSBJM.moD5zreAKoBACO7fvpa6O68A.Ap3y450EctfDe,ROLE_MEMBER,010-6493-9268,0
466,2022-09-08 21:23:00,,N,soneillcx@ask.com,,lchateletcx,자유로운 치타,$2a$10$eC4J8YdNWFSBJM.moD5zreAKoBACO7fvpa6O68A.Ap3y450EctfDe,ROLE_MEMBER,010-3362-1836,0
467,2022-09-17 22:14:00,,N,squartoncy@mail.ru,,cdahlbergcy,시끄러운 곰,$2a$10$eC4J8YdNWFSBJM.moD5zreAKoBACO7fvpa6O68A.Ap3y450EctfDe,ROLE_MEMBER,010-4710-2696,0
468,2023-01-21 04:43:00,,N,eubsdellcz@answers.com,,aowaincz,심심한 사자,$2a$10$eC4J8YdNWFSBJM.moD5zreAKoBACO7fvpa6O68A.Ap3y450EctfDe,ROLE_MEMBER,010-5912-2329,0
469,2022-08-25 12:20:00,,N,lyitzhakofd0@infoseek.co.jp,,sgrogonad0,멋있는 얼룩말,$2a$10$eC4J8YdNWFSBJM.moD5zreAKoBACO7fvpa6O68A.Ap3y450EctfDe,ROLE_MEMBER,010-8682-2324,0
470,2022-11-23 17:34:00,,N,jcutbirthd1@weibo.com,,gbadderd1,기분나쁜 다람쥐,$2a$10$eC4J8YdNWFSBJM.moD5zreAKoBACO7fvpa6O68A.Ap3y450EctfDe,ROLE_MEMBER,010-9587-6904,0
471,2022-06-04 11:50:00,,N,sgofordd2@livejournal.com,,dandersend2,짜릿한 고릴라,$2a$10$eC4J8YdNWFSBJM.moD5zreAKoBACO7fvpa6O68A.Ap3y450EctfDe,ROLE_MEMBER,010-6303-4073,0
472,2022-04-22 03:08:00,,N,iflavelled3@google.com,,lbrittd3,짜릿한 판다,$2a$10$eC4J8YdNWFSBJM.moD5zreAKoBACO7fvpa6O68A.Ap3y450EctfDe,ROLE_MEMBER,010-0559-2862,0
473,2022-05-26 17:44:00,,N,mwakelyd4@nationalgeographic.com,,kelnord4,그리운 곰,$2a$10$eC4J8YdNWFSBJM.moD5zreAKoBACO7fvpa6O68A.Ap3y450EctfDe,ROLE_MEMBER,010-9160-3603,0
474,2022-03-30 23:24:00,,N,lbeevord5@dailymail.co.uk,,nliefd5,창피한 하마,$2a$10$eC4J8YdNWFSBJM.moD5zreAKoBACO7fvpa6O68A.Ap3y450EctfDe,ROLE_MEMBER,010-8362-0665,0
475,2022-03-13 17:40:00,,N,lcattelld6@yahoo.com,,abarendsd6,이쁜 하마,$2a$10$eC4J8YdNWFSBJM.moD5zreAKoBACO7fvpa6O68A.Ap3y450EctfDe,ROLE_MEMBER,010-9430-7897,0
476,2022-08-06 12:15:00,,N,svaughtend7@sakura.ne.jp,,fgorwoodd7,배부른 원숭이,$2a$10$eC4J8YdNWFSBJM.moD5zreAKoBACO7fvpa6O68A.Ap3y450EctfDe,ROLE_MEMBER,010-4383-4390,0
477,2022-10-16 19:59:00,,N,cmackaind8@mapquest.com,,cjoncicd8,창피한 강아지,$2a$10$eC4J8YdNWFSBJM.moD5zreAKoBACO7fvpa6O68A.Ap3y450EctfDe,ROLE_MEMBER,010-5537-4396,0
478,2022-06-23 01:41:00,,N,acomiamd9@storify.com,,lramelotd9,그리운 사자,$2a$10$eC4J8YdNWFSBJM.moD5zreAKoBACO7fvpa6O68A.Ap3y450EctfDe,ROLE_MEMBER,010-4873-3869,0
479,2022-07-28 14:24:00,,N,gblancda@usa.gov,,abadhamda,상쾌한 하마,$2a$10$eC4J8YdNWFSBJM.moD5zreAKoBACO7fvpa6O68A.Ap3y450EctfDe,ROLE_MEMBER,010-0889-1440,0
480,2022-12-31 13:55:00,,N,abeetondb@ebay.com,,ggherardellidb,기분좋은 염소,$2a$10$eC4J8YdNWFSBJM.moD5zreAKoBACO7fvpa6O68A.Ap3y450EctfDe,ROLE_MEMBER,010-6393-5581,0
481,2022-03-19 20:57:00,,N,aacomedc@bandcamp.com,,bbrandsmadc,긴장되는 앵무새,$2a$10$eC4J8YdNWFSBJM.moD5zreAKoBACO7fvpa6O68A.Ap3y450EctfDe,ROLE_MEMBER,010-0716-2766,0
482,2022-07-05 00:25:00,,N,chestropdd@amazon.com,,lbaackdd,기분나쁜 여우,$2a$10$eC4J8YdNWFSBJM.moD5zreAKoBACO7fvpa6O68A.Ap3y450EctfDe,ROLE_MEMBER,010-9414-7521,0
483,2023-01-23 17:14:00,,N,mjerratschde@yellowpages.com,,asmitherhamde,수줍은 호랑이,$2a$10$eC4J8YdNWFSBJM.moD5zreAKoBACO7fvpa6O68A.Ap3y450EctfDe,ROLE_MEMBER,010-1781-7662,0
484,2022-04-16 02:23:00,,N,ddorkingdf@examiner.com,,boleahydf,짜릿한 기린,$2a$10$eC4J8YdNWFSBJM.moD5zreAKoBACO7fvpa6O68A.Ap3y450EctfDe,ROLE_MEMBER,010-3436-6166,0
485,2022-05-05 02:02:00,,N,tbollerdg@eepurl.com,,mshevilldg,열받은 거북이,$2a$10$eC4J8YdNWFSBJM.moD5zreAKoBACO7fvpa6O68A.Ap3y450EctfDe,ROLE_MEMBER,010-0141-1537,0
486,2022-08-21 13:56:00,,N,jtennickdh@icq.com,,nwearnedh,비참한 염소,$2a$10$eC4J8YdNWFSBJM.moD5zreAKoBACO7fvpa6O68A.Ap3y450EctfDe,ROLE_MEMBER,010-7498-0310,0
487,2022-09-07 18:22:00,,N,adaughterydi@mtv.com,,mmunroedi,창피한 토끼,$2a$10$eC4J8YdNWFSBJM.moD5zreAKoBACO7fvpa6O68A.Ap3y450EctfDe,ROLE_MEMBER,010-7309-2042,0
488,2022-07-01 06:22:00,,N,caizikovichdj@jugem.jp,,apollastrodj,그리운 다람쥐,$2a$10$eC4J8YdNWFSBJM.moD5zreAKoBACO7fvpa6O68A.Ap3y450EctfDe,ROLE_MEMBER,010-8582-8301,0
489,2022-06-10 15:15:00,,N,cskeggdk@gmpg.org,,gstredwickdk,비참한 고릴라,$2a$10$eC4J8YdNWFSBJM.moD5zreAKoBACO7fvpa6O68A.Ap3y450EctfDe,ROLE_MEMBER,010-8546-4044,0
490,2023-02-03 12:28:00,,N,rkanwelldl@umich.edu,,kspataridl,자유로운 미어캣,$2a$10$eC4J8YdNWFSBJM.moD5zreAKoBACO7fvpa6O68A.Ap3y450EctfDe,ROLE_MEMBER,010-7937-0876,0
491,2023-02-12 18:19:00,,N,ldowsingdm@mit.edu,,igriefdm,상쾌한 판다,$2a$10$eC4J8YdNWFSBJM.moD5zreAKoBACO7fvpa6O68A.Ap3y450EctfDe,ROLE_MEMBER,010-0620-1703,0
492,2022-11-23 20:30:00,,N,ihoveydn@list-manage.com,,ebessentdn,시끄러운 물소,$2a$10$eC4J8YdNWFSBJM.moD5zreAKoBACO7fvpa6O68A.Ap3y450EctfDe,ROLE_MEMBER,010-7596-5388,0
493,2022-04-11 10:38:00,,N,dgliddendo@harvard.edu,,tpinillado,신바람나는 고릴라,$2a$10$eC4J8YdNWFSBJM.moD5zreAKoBACO7fvpa6O68A.Ap3y450EctfDe,ROLE_MEMBER,010-6380-4497,0
494,2022-03-28 08:25:00,,N,kbarnetdp@patch.com,,dmarsiedp,신바람나는 강아지,$2a$10$eC4J8YdNWFSBJM.moD5zreAKoBACO7fvpa6O68A.Ap3y450EctfDe,ROLE_MEMBER,010-5251-4467,0
495,2022-08-16 16:54:00,,N,barnidq@drupal.org,,vmeynelldq,기분나쁜 원숭이,$2a$10$eC4J8YdNWFSBJM.moD5zreAKoBACO7fvpa6O68A.Ap3y450EctfDe,ROLE_MEMBER,010-9680-6460,0
496,2022-06-29 03:58:00,,N,afeighneydr@privacy.gov.au,,clarmuthdr,배부른 하마,$2a$10$eC4J8YdNWFSBJM.moD5zreAKoBACO7fvpa6O68A.Ap3y450EctfDe,ROLE_MEMBER,010-6991-3375,0
497,2022-09-25 23:03:00,,N,mtheakstonds@nymag.com,,mebdends,신바람나는 얼룩말,$2a$10$eC4J8YdNWFSBJM.moD5zreAKoBACO7fvpa6O68A.Ap3y450EctfDe,ROLE_MEMBER,010-7191-6831,0
498,2022-05-06 02:50:00,,N,mskerrattdt@salon.com,,trosebothamdt,시끄러운 하이에나,$2a$10$eC4J8YdNWFSBJM.moD5zreAKoBACO7fvpa6O68A.Ap3y450EctfDe,ROLE_MEMBER,010-9408-5904,0
499,2022-06-21 01:23:00,,N,rmacskeaghandu@blogspot.com,,rdowbekindu,기분나쁜 하마,$2a$10$eC4J8YdNWFSBJM.moD5zreAKoBACO7fvpa6O68A.Ap3y450EctfDe,ROLE_MEMBER,010-2409-5616,0
500,2022-10-24 12:21:00,,N,klyvondv@acquirethisname.com,,bogleydv,멋있는 하이에나,$2a$10$eC4J8YdNWFSBJM.moD5zreAKoBACO7fvpa6O68A.Ap3y450EctfDe,ROLE_MEMBER,010-6329-6079,0
986,2023-02-16 09:11:42.031000,,N,asdryzx@naver.com,,test2367,창피한 미어캣,$2a$10$jRWJUWGiXRofKtlKOqZQMeItH7FNfZDxOiLfiigwLK1./pnQv2sXS,ROLE_MEMBER,010-6543-6404,0
987,2023-02-16 09:16:12.034000,,N,admin@naver.com,,asdfasdf,서운한 늑대,$2a$10$7ALOy7OwP9nTgc2J0P1mIO1QHthd4Cx7VU/NfJ9So4mGxCc2qaN2C,ROLE_MEMBER,010-5655-9855,0
988,2023-02-16 09:24:04.271000,,N,gg1234@naver.com,,test4444,이쁜 원숭이,$2a$10$468e1iFe8U0oAEoiy0Zg8.WQN4LKEjw6xxHifXcb0q5L.uRMPV5qW,ROLE_MEMBER,010-6543-5040,0
989,2023-02-16 09:40:22.118000,,N,abc123@naver.com,,abc123,위축되는 미어캣,$2a$10$3lwnpNbKCH7esrQb7CYNKu1bKSbd7u.tXqGQOLGVEt4QRwVaV91yO,ROLE_MEMBER,010-1464-5068,0
990,2023-02-16 09:45:07.848000,,N,haha1234@naver.com,,haha1234,당당한 돼지,$2a$10$pZ/QrOWW6l7wZKqDoJ7iJO4nuDbTBLQ3cazn04bDGYNl4lFYMC4zG,ROLE_MEMBER,010-6374-7356,0
991,2023-02-16 09:55:06.325000,,N,haha12@naver.com,,haha12,수줍은 거북이,$2a$10$ag/NNVyqsbSQVcZLrOUD0ONqoRRVEM5rNgF5q3y9KXUZQxkZr6zmG,ROLE_MEMBER,010-3030-8795,0
992,2023-02-16 09:56:11.394000,,N,nkj0901@naver.com,,rlwjd123,기분나쁜 사자,$2a$10$wu/tuQWvUOZ./fX0Q7WH2utQtyfZ2FUnPqCOuMDGoJwLQ3NvtnAIS,ROLE_MEMBER,010-933-6246,0
993,2023-02-16 10:36:08.969000,,N,hihi12@naver.com,,hihi12,기분좋은 악어,$2a$10$eEm9BWbY8IGT/s6bTm1kKeGloaEeQBwrXqe3aauOhb3/Ch5LkuKTq,ROLE_MEMBER,010-0101-0101,0
994,2023-02-16 10:50:27.452000,,N,nkj0901@naver.com,,test500,창피한 참새,$2a$10$o1Nx0sB3wBCeimuYlHJpu.LcwOVlcG5FoNgY3xuMWFTCyKgo5gAy2,ROLE_MEMBER,010-3843-3878,0
996,2023-02-16 11:20:59.663000,,N,hw8532@gmail.com,,helloworld,서운한 원숭이,$2a$10$WXMv.FblQg.gr2aNHtjeYOw17DIea5M2SUq.AeQodoO1c.Yc.XMW.,ROLE_MEMBER,010-4323-8532,0
997,2023-02-16 11:45:42.678000,,N,fcmtest@fcmtest.com,,fcmtest,잘생긴 침팬치,$2a$10$747AGH9o8hmkFXWF34sGyO/d3DZRkNhXzoFB06B/96OwUdgZmoxWC,ROLE_MEMBER,010-0000-0000,0
998,2023-02-16 11:55:55.401000,,N,abcd12@naver.com,,abcd12,이쁜 침팬치,$2a$10$ATGC.SeOoK3XJmpftwiRg.abMmBQFn7R0fBSCevlJY1UUieFIVRVq,ROLE_MEMBER,010-6374-7356,0
999,2023-02-16 12:06:00.149000,,N,fcmtest2@test.com,,fcmtest2,비참한 하마,$2a$10$YxVre5tBelyHXIB8smI1/.Jdew8sWxBKD6r5W2GnsLgFFPtEPiEDa,ROLE_MEMBER,010-0000-0000,0
1000,2023-02-16 12:10:07.562000,,N,fcm@fcm.com,,fcmtest3,기분나쁜 너구리,$2a$10$UiJS/sYSN9AJ1m5QNDZftujSXKQ2fHxMSCEhVjQsYZYIXSjKbtSR6,ROLE_MEMBER,010-0000-0000,0
1001,2023-02-16 12:12:14.455000,,N,asdryzx@naver.com,,test6767,당당한 사자,$2a$10$ljkGF/xEWpHr5rA6/WMtl.f0DRnEddEORctsoZ5c29WcK4KPtjW4C,ROLE_MEMBER,010-6543-6404,0
1002,2023-02-16 12:12:23.178000,,N,fcm@fcm.com,,fcmtest4,상쾌한 참새,$2a$10$Op7.hbz.IWl.XmfaDN.7ieNTPEmsuvxY5G.L7Ll2a6veC992AgUGe,ROLE_MEMBER,010-0000-0000,0
1003,2023-02-16 12:13:17.417000,,N,ssafy@ssafy.com,,yssafy,기분나쁜 미어캣,$2a$10$ONq3zjHTztqfaZb3VTN7oefPAeCzfG7TgMiiJYrAoOr0GJSktk4R2,ROLE_MEMBER,010-1234-1234,0
1004,2023-02-16 12:30:05.765000,,N,nkj0901@naver.com,,rlwjd12345,비참한 곰,$2a$10$eb7LBbnX1Q0yL8y6PTP4WepZVlotM2caRpbk.QhahGeplJi.GAnJy,ROLE_MEMBER,010-9339-6246,0
1005,2023-02-16 12:37:38.849000,,N,fcm@fcm.com,,fcmtest5,수줍은 사자,$2a$10$gpJxvSlbgfYNBKTzUHaPBuoLdUX39kNcNTjyVOcIndtUM6EKx1Ukm,ROLE_MEMBER,010-0000-0000,0
1006,2023-02-16 12:38:40.221000,,N,shymeerkat@gmail.com,,shymeerkat,수줍은 미어캣,$2a$10$nWhDTnnsrAxNj7BlcYfpSewyVVzHwmg7Yu8gVltn8CodL7he/h7J2,ROLE_MEMBER,010-4857-1923,0
1007,2023-02-16 13:55:51.346000,,N,protoss1207@gmail.com,,testid,긴장되는 침팬치,$2a$10$Lm5VpkCPX9JZqFdQqr.XP.TPWkvK0B240IJGvg1JruUMeSJPgqcnu,ROLE_MEMBER,010-8146-3678,0
1008,2023-02-16 14:08:56.907000,,N,meerkat@gmail.com,,meerkat,자유로운 미어캣,$2a$10$nWhDTnnsrAxNj7BlcYfpSewyVVzHwmg7Yu8gVltn8CodL7he/h7J2,ROLE_MEMBER,010-2981-4359,0
1009,2023-02-16 14:21:18.347000,,N,jisu3808@hanmail.net,,test5333,수줍은 미어캣,$2a$10$UdAGcw3gmPKpQCYuAnrkFuVg9UdG4K5uZoPJXZAYLWGXSDB/KyAY.,ROLE_MEMBER,010-6374-7356,0
1010,2023-02-16 14:23:32.689000,,N,onlytest@ssafy.com,,onlytest,울적한 침팬치,$2a$10$UAYiVMHGfE/6zJJ0wVIUpeXepuWHOEN5XTzTedPyziEObL24Zt3Nu,ROLE_MEMBER,010-0000-0000,0
1011,2023-02-16 14:24:40.009000,,N,tester@ssafy.com,,test1234,잘생긴 돼지,$2a$10$phSLPnaNvWEzkKz6fKjD/Ox2i4ru2C3at0zfVLVD7aDBPQ4LzkUBi,ROLE_MEMBER,010-0000-0000,0
1012,2023-02-16 14:25:38.904000,,N,test2345@test.com,,test2345,상쾌한 호랑이,$2a$10$G1aAP9ujftrhmIQSBIp./.p7Lk5jZ2ZE0EdN1zTufCrOZT/DHXBV2,ROLE_MEMBER,010-0000-0000,0
1013,2023-02-16 15:09:45.670000,,N,jis22u@gmail.com,,test5858,자유로운 강아지,$2a$10$5JV7kOh22LRDi6XQ8f8G4u/OpaGTQALf/46CofdHQbDj3Yz5jQxxy,ROLE_MEMBER,010-7171-6852,0
1014,2023-02-16 15:45:40.351000,,N,jis22u@gmail.com,,new2367,긴장되는 늑대,$2a$10$x7mGeaVKGBK2RDD5.BS2uuR6Zxwjbfhd1N7UqiMjhwWyDMNEHQil.,ROLE_MEMBER,010-7171-6852,0
1015,2023-02-16 16:30:24.539000,,N,soulb9@naver.com,,hmschlng,창피한 앵무새,$2a$10$a/eiyFtjJZcLGqXhqyMJR.OFaSpWBuUu/wZ6yzcaYnhVMOvPM3VG6,ROLE_MEMBER,010-4129-6229,0
1016,2023-02-16 16:42:07.617000,,N,jis22u@gmail.com,,test6868,기분나쁜 토끼,$2a$10$rTVmMV8ejEdbrh.wuD/Eiui4DkDN5uBjaxx2LAaQDV08XaOwneThO,ROLE_MEMBER,010-7171-6852,0
1017,2023-02-16 16:44:04.099000,,N,hyhy12@naver.com,,hyhy12,열받은 고슴도치,$2a$10$OIUjFT0nzSHUN3qJQp7Yi.Wy3cBKGDvcOhLJP7vMPnwhT0ExU6dpy,ROLE_MEMBER,010-6543-6404,0
1018,2023-02-16 16:51:08.182000,,N,aaa123@naver.com,,aaa123,시끄러운 치타,$2a$10$wizfltXdZOTozraw0yFCTOlZcVmrgDOnaEe31B07h6DwlDLLqdZZW,ROLE_MEMBER,010-6374-7356,0
1019,2023-02-16 17:34:22.861000,,N,test0@email.com,,test,상쾌한 여우,$2a$10$JqUl/sRvdbyMrdcvcwicpO8g62ZxQTIQ/L9i20C6RKQnAnQPMZo9i,ROLE_MEMBER,010-0000-0000,0
1020,2023-02-16 19:23:22.719000,,N,dbstmdghks@gmail.com,,dbstmdghks,창피한 코끼리,$2a$10$rxVDRbEf4lYEuyP6qN.g9OblOMeKkwfNhPw9zRMuSj8ICefay6K3m,ROLE_MEMBER,010-8356-8577,0
1021,2023-02-16 21:09:05.608000,,N,ar11@cctv.com,,arab1234,울적한 돼지,$2a$10$l7eysbBnk3ft.0t22lrEWuYVOjx3qJvyupvWnXsQ0dVNOxUNZthMS,ROLE_MEMBER,010-7382-8272,0
1022,2023-02-17 00:01:04.828000,,N,test12@naver.com,,test12,수줍은 미어캣,$2a$10$PE9o2vl9ddz.gQKLcGLqNuKNzAHrVuvO6hnUKl.WjktUNpAGQ9q3e,ROLE_MEMBER,010-6374-7356,0
1023,2023-02-17 00:04:09.441000,,N,jis22u@gmail.com,ecgf7A033dwr3uBRPz9VK1:APA91bGSpT739N5aIdh97-2rWb-BQsxYSLZs0wCXsQXmt86FQE0V6jf2jM5l6-Z4YFhn_OtMqcXytQck3Jwzxr-z7mYCIQzp7hYUtFkN27q6IKF9kdy8Mbq2-kB1n5yo01n7nNeSgH12,asdryzx,긴장되는 침팬치,$2a$10$8sR9aIqZssqc3/Mly3Q0c.8/hOnF8vIGMwj6tfW8G5QcZCGUwTtRO,ROLE_MEMBER,010-7171-6852,0
1024,2023-02-17 00:09:07.615000,,N,we1234@naver.com,,we1234,자유로운 미어캣,$2a$10$IT9GIKPxRg.Q9B.qGatFj.Zk6ghBUKcsR5jEMOeVaFBYpMRzIP6Ae,ROLE_MEMBER,010-6374-7356,0
1025,2023-02-17 00:39:23.300000,,N,asdryzx@naver.com,,test9090,수줍은 미어캣,$2a$10$WHHR7.bDap0TtGa3uPyjY.Flxu1wMzYFjHTesCHK2oysTzBxabkau,ROLE_MEMBER,010-6543-6404,0
1026,2023-02-17 00:44:02.224000,,N,fcmtest@ssafy.com,,fcmtest7,울적한 침팬치,$2a$10$Bh.C5xDlse8iT14iheVdQOezs.CmnjH7DJpAVsk19lKWUhtvzgIBe,ROLE_MEMBER,010-0000-0000,0
1027,2023-02-17 01:04:07.498000,,N,nkj0901@naver.com,,skarlwjd17,잘생긴 돼지,$2a$10$CCfMbA2aqP0VCKB0tffa1.iFLHSg.Jo9tWzTIDfIVzuPMMn2nsL6G,ROLE_MEMBER,010-9339-6246,0
1028,2023-02-17 01:11:50.520000,,N,gidong2@naver.com,,gidong2,상쾌한 호랑이,$2a$10$ArmoX41KkcCy5F2.25NUXO1wVDT54QgzoDjs2MC4cwThEoavAwC1i,ROLE_MEMBER,010-1539-6678,0
1029,2023-02-17 01:13:30.473000,,N,fcmtest10@gmail.com,,fcmtest10,자유로운 강아지,$2a$10$oX4pONyvHmMItxI/pvoOGOEX4EXPInqP2tlGRIcLQtia.UX7seWx2,ROLE_MEMBER,010-0000-0000,0
1030,2023-02-17 01:20:26.686000,,N,jis22u@gmail.com,,tost2367,상쾌한 판다,$2a$10$m6nLMk9tSI7eved3/v7OPuSxYmDXG9aaH0Po9age/ylBGBX01tIuG,ROLE_MEMBER,010-7171-6852,0
1031,2023-02-17 02:02:16.022000,,N,nkj0901@naver.com,,nkj970901,시끄러운 물소,$2a$10$VGnWoS.lcRiVuntqW2pYMO/bd9vHZoSaWfgxfI1G4T7vxX4Wi4Z3q,ROLE_MEMBER,010-9339-6246,0
1032,2023-02-17 02:34:03.360000,,N,asdryzx@naver.com,,test67678,아랍왕자,$2a$10$Pju5ZKqk2E6GFcUPRTIDGOPsfhGxnBF84MsXrWFxdbwqBXADAxYIy,ROLE_MEMBER,010-6543-6404,0
1033,2023-02-17 03:58:53.160000,,N,nkj0901@naver.com,eieNv7tx4DYRxIc6lF6xPn:APA91bH6JQJucfDDyPO0L_zqeCn9MZUcaclwy5fKQIw74YbTaierEycokEYvk3KKeqLOmAd75RGhakmUej6rOb3hFTasPNyJ0yIob5GbdUQi3WHNOyOUK9vB_bJwmY7a1El85ENO_xJG,asdf123,rlwjd,$2a$10$vE1gn3Ob/gyApXZ/R5kf4.3r8bdaLC7Ptu2UTnlypgLc/hbw/H2QG,ROLE_MEMBER,010-9339-6246,0
1034,2023-02-17 05:36:38.042000,,N,nkj0901@naver.com,,qwer123,rlwjd,$2a$10$hOXe0q31HXg6em8rSUT7G.246qBUmA5yWn7xIpCa.OBcPn.vM/LH.,ROLE_MEMBER,010-9339-6246,0
1035,2023-02-17 06:02:49.074000,,N,nkj0901@naver.com,,qwer123456,skarlwjd,$2a$10$WLzVDCV.qaz2T/XOkbv4VeZdVjOliwLPpYR3kMIrNch27lFwOBzaa,ROLE_MEMBER,010-9339-6246,0
1036,2023-02-17 06:03:28.516000,,N,nkj0901@naver.com,,namki123,rlwjd,$2a$10$qJEhcU36DZ/274JAkEIdtugIy6JfC1.GTbg.xL/fA.iIrhU.j8btq,ROLE_MEMBER,010-9339-6246,0
